时间,序号,标题,热度
2020-09-25 09:06:48,0,「我想要秋天的第一杯奶茶」是什么梗，为什么突然火了？反映了一种怎样的心理现象？,2350
2020-09-25 09:06:48,1,如何看待「男子烧炭自杀疑遭 PUA：每天给女友转账 666 元，不转会被罚」？,1638
2020-09-25 09:06:48,2,如何看待罗永浩表示 6 亿债务已还了 4 亿？他是如何做到的？6 亿债务具体如何欠下的？,1416
2020-09-25 09:06:48,3,如何看待《糖豆人》官方公开的糖豆人内部构造设定图？由此推测糖豆人具有怎样的生物学特征？,714
2020-09-25 09:06:48,4,有哪些特征一眼就会被看出是 iPhone 用户？,599
2020-09-25 09:06:48,5,港媒称乱港分子黄之锋被捕，他将受到怎样的法律制裁？后续发展会如何？,571
2020-09-25 09:06:48,6,如何看待小伙因身高不足 1 米 8 自卑，做断骨增高手术失败导致终身残疾？,543
2020-09-25 09:06:48,7,在媳妇儿的强烈要求下 35 万买了宝马 320，觉得在宝马这个标上亏了 10 万，心态已崩，怎么缓解？,532
2020-09-25 09:06:48,8,重庆市某机关食堂将肉价 18.5 元改为 185 元，176 斤菜报账变成 1776 斤，涉嫌什么犯罪？会受何处罚？,430
2020-09-25 09:06:48,9,如何看待 9 月 23 日晚特斯拉系统全球性宕机，有车主被困沙漠打两小时救援电话，市值跌去 2700 亿？,423
2020-09-25 09:07:48,0,「我想要秋天的第一杯奶茶」是什么梗，为什么突然火了？反映了一种怎样的心理现象？,2357
2020-09-25 09:07:48,1,如何看待「男子烧炭自杀疑遭 PUA：每天给女友转账 666 元，不转会被罚」？,1653
2020-09-25 09:07:48,2,如何看待罗永浩表示 6 亿债务已还了 4 亿？他是如何做到的？6 亿债务具体如何欠下的？,1421
2020-09-25 09:07:48,3,如何看待《糖豆人》官方公开的糖豆人内部构造设定图？由此推测糖豆人具有怎样的生物学特征？,718
2020-09-25 09:07:48,4,有哪些特征一眼就会被看出是 iPhone 用户？,601
2020-09-25 09:07:48,5,港媒称乱港分子黄之锋被捕，他将受到怎样的法律制裁？后续发展会如何？,574
2020-09-25 09:07:48,6,如何看待小伙因身高不足 1 米 8 自卑，做断骨增高手术失败导致终身残疾？,547
2020-09-25 09:07:48,7,在媳妇儿的强烈要求下 35 万买了宝马 320，觉得在宝马这个标上亏了 10 万，心态已崩，怎么缓解？,537
2020-09-25 09:07:48,8,重庆市某机关食堂将肉价 18.5 元改为 185 元，176 斤菜报账变成 1776 斤，涉嫌什么犯罪？会受何处罚？,435
2020-09-25 09:07:48,9,如何看待 9 月 23 日晚特斯拉系统全球性宕机，有车主被困沙漠打两小时救援电话，市值跌去 2700 亿？,422
2020-09-25 09:08:52,0,「我想要秋天的第一杯奶茶」是什么梗，为什么突然火了？反映了一种怎样的心理现象？,2365
2020-09-25 09:08:52,1,如何看待「男子烧炭自杀疑遭 PUA：每天给女友转账 666 元，不转会被罚」？,1672
2020-09-25 09:08:52,2,如何看待罗永浩表示 6 亿债务已还了 4 亿？他是如何做到的？6 亿债务具体如何欠下的？,1436
2020-09-25 09:08:52,3,如何看待《糖豆人》官方公开的糖豆人内部构造设定图？由此推测糖豆人具有怎样的生物学特征？,723
2020-09-25 09:08:53,4,有哪些特征一眼就会被看出是 iPhone 用户？,605
2020-09-25 09:08:53,5,港媒称乱港分子黄之锋被捕，他将受到怎样的法律制裁？后续发展会如何？,578
2020-09-25 09:08:53,6,如何看待小伙因身高不足 1 米 8 自卑，做断骨增高手术失败导致终身残疾？,552
2020-09-25 09:08:53,7,在媳妇儿的强烈要求下 35 万买了宝马 320，觉得在宝马这个标上亏了 10 万，心态已崩，怎么缓解？,544
2020-09-25 09:08:53,8,重庆市某机关食堂将肉价 18.5 元改为 185 元，176 斤菜报账变成 1776 斤，涉嫌什么犯罪？会受何处罚？,439
2020-09-25 09:08:53,9,如何看待 9 月 23 日晚特斯拉系统全球性宕机，有车主被困沙漠打两小时救援电话，市值跌去 2700 亿？,422
2020-09-25 09:09:53,0,「我想要秋天的第一杯奶茶」是什么梗，为什么突然火了？反映了一种怎样的心理现象？,2365
2020-09-25 09:09:53,1,如何看待「男子烧炭自杀疑遭 PUA：每天给女友转账 666 元，不转会被罚」？,1672
2020-09-25 09:09:53,2,如何看待罗永浩表示 6 亿债务已还了 4 亿？他是如何做到的？6 亿债务具体如何欠下的？,1436
2020-09-25 09:09:53,3,如何看待《糖豆人》官方公开的糖豆人内部构造设定图？由此推测糖豆人具有怎样的生物学特征？,723
2020-09-25 09:09:53,4,有哪些特征一眼就会被看出是 iPhone 用户？,605
2020-09-25 09:09:53,5,港媒称乱港分子黄之锋被捕，他将受到怎样的法律制裁？后续发展会如何？,578
2020-09-25 09:09:53,6,如何看待小伙因身高不足 1 米 8 自卑，做断骨增高手术失败导致终身残疾？,552
2020-09-25 09:09:53,7,在媳妇儿的强烈要求下 35 万买了宝马 320，觉得在宝马这个标上亏了 10 万，心态已崩，怎么缓解？,544
2020-09-25 09:09:53,8,重庆市某机关食堂将肉价 18.5 元改为 185 元，176 斤菜报账变成 1776 斤，涉嫌什么犯罪？会受何处罚？,439
2020-09-25 09:09:53,9,如何看待 9 月 23 日晚特斯拉系统全球性宕机，有车主被困沙漠打两小时救援电话，市值跌去 2700 亿？,422
2020-09-25 09:10:53,0,「我想要秋天的第一杯奶茶」是什么梗，为什么突然火了？反映了一种怎样的心理现象？,2373
2020-09-25 09:10:53,1,如何看待「男子烧炭自杀疑遭 PUA：每天给女友转账 666 元，不转会被罚」？,1689
2020-09-25 09:10:53,2,如何看待罗永浩表示 6 亿债务已还了 4 亿？他是如何做到的？6 亿债务具体如何欠下的？,1449
2020-09-25 09:10:53,3,如何看待《糖豆人》官方公开的糖豆人内部构造设定图？由此推测糖豆人具有怎样的生物学特征？,728
2020-09-25 09:10:53,4,有哪些特征一眼就会被看出是 iPhone 用户？,609
2020-09-25 09:10:53,5,港媒称乱港分子黄之锋被捕，他将受到怎样的法律制裁？后续发展会如何？,582
2020-09-25 09:10:53,6,如何看待小伙因身高不足 1 米 8 自卑，做断骨增高手术失败导致终身残疾？,555
2020-09-25 09:10:53,7,在媳妇儿的强烈要求下 35 万买了宝马 320，觉得在宝马这个标上亏了 10 万，心态已崩，怎么缓解？,549
2020-09-25 09:10:53,8,重庆市某机关食堂将肉价 18.5 元改为 185 元，176 斤菜报账变成 1776 斤，涉嫌什么犯罪？会受何处罚？,444
2020-09-25 09:10:53,9,如何看待 9 月 23 日晚特斯拉系统全球性宕机，有车主被困沙漠打两小时救援电话，市值跌去 2700 亿？,423
2020-09-25 09:11:54,0,「我想要秋天的第一杯奶茶」是什么梗，为什么突然火了？反映了一种怎样的心理现象？,2379
2020-09-25 09:11:54,1,如何看待「男子烧炭自杀疑遭 PUA：每天给女友转账 666 元，不转会被罚」？,1701
2020-09-25 09:11:54,2,如何看待罗永浩表示 6 亿债务已还了 4 亿？他是如何做到的？6 亿债务具体如何欠下的？,1458
2020-09-25 09:11:54,3,如何看待《糖豆人》官方公开的糖豆人内部构造设定图？由此推测糖豆人具有怎样的生物学特征？,733
2020-09-25 09:11:54,4,有哪些特征一眼就会被看出是 iPhone 用户？,612
2020-09-25 09:11:54,5,港媒称乱港分子黄之锋被捕，他将受到怎样的法律制裁？后续发展会如何？,585
2020-09-25 09:11:54,6,如何看待小伙因身高不足 1 米 8 自卑，做断骨增高手术失败导致终身残疾？,558
2020-09-25 09:11:54,7,在媳妇儿的强烈要求下 35 万买了宝马 320，觉得在宝马这个标上亏了 10 万，心态已崩，怎么缓解？,555
2020-09-25 09:11:54,8,重庆市某机关食堂将肉价 18.5 元改为 185 元，176 斤菜报账变成 1776 斤，涉嫌什么犯罪？会受何处罚？,451
2020-09-25 09:11:54,9,如何看待 9 月 23 日晚特斯拉系统全球性宕机，有车主被困沙漠打两小时救援电话，市值跌去 2700 亿？,425
2020-09-25 09:12:54,0,「我想要秋天的第一杯奶茶」是什么梗，为什么突然火了？反映了一种怎样的心理现象？,2379
2020-09-25 09:12:54,1,如何看待「男子烧炭自杀疑遭 PUA：每天给女友转账 666 元，不转会被罚」？,1701
2020-09-25 09:12:54,2,如何看待罗永浩表示 6 亿债务已还了 4 亿？他是如何做到的？6 亿债务具体如何欠下的？,1458
2020-09-25 09:12:54,3,如何看待《糖豆人》官方公开的糖豆人内部构造设定图？由此推测糖豆人具有怎样的生物学特征？,733
2020-09-25 09:12:54,4,有哪些特征一眼就会被看出是 iPhone 用户？,612
2020-09-25 09:12:54,5,港媒称乱港分子黄之锋被捕，他将受到怎样的法律制裁？后续发展会如何？,585
2020-09-25 09:12:54,6,如何看待小伙因身高不足 1 米 8 自卑，做断骨增高手术失败导致终身残疾？,558
2020-09-25 09:12:54,7,在媳妇儿的强烈要求下 35 万买了宝马 320，觉得在宝马这个标上亏了 10 万，心态已崩，怎么缓解？,555
2020-09-25 09:12:54,8,重庆市某机关食堂将肉价 18.5 元改为 185 元，176 斤菜报账变成 1776 斤，涉嫌什么犯罪？会受何处罚？,451
2020-09-25 09:12:54,9,如何看待 9 月 23 日晚特斯拉系统全球性宕机，有车主被困沙漠打两小时救援电话，市值跌去 2700 亿？,425
2020-09-25 09:13:55,0,「我想要秋天的第一杯奶茶」是什么梗，为什么突然火了？反映了一种怎样的心理现象？,2380
2020-09-25 09:13:55,1,如何看待「男子烧炭自杀疑遭 PUA：每天给女友转账 666 元，不转会被罚」？,1715
2020-09-25 09:13:55,2,如何看待罗永浩表示 6 亿债务已还了 4 亿？他是如何做到的？6 亿债务具体如何欠下的？,1467
2020-09-25 09:13:55,3,如何看待《糖豆人》官方公开的糖豆人内部构造设定图？由此推测糖豆人具有怎样的生物学特征？,738
2020-09-25 09:13:55,4,有哪些特征一眼就会被看出是 iPhone 用户？,615
2020-09-25 09:13:55,5,港媒称乱港分子黄之锋被捕，他将受到怎样的法律制裁？后续发展会如何？,588
2020-09-25 09:13:55,6,在媳妇儿的强烈要求下 35 万买了宝马 320，觉得在宝马这个标上亏了 10 万，心态已崩，怎么缓解？,561
2020-09-25 09:13:55,7,如何看待小伙因身高不足 1 米 8 自卑，做断骨增高手术失败导致终身残疾？,560
2020-09-25 09:13:55,8,重庆市某机关食堂将肉价 18.5 元改为 185 元，176 斤菜报账变成 1776 斤，涉嫌什么犯罪？会受何处罚？,456
2020-09-25 09:13:55,9,如何看待 9 月 23 日晚特斯拉系统全球性宕机，有车主被困沙漠打两小时救援电话，市值跌去 2700 亿？,425
2020-09-25 09:14:55,0,「我想要秋天的第一杯奶茶」是什么梗，为什么突然火了？反映了一种怎样的心理现象？,2386
2020-09-25 09:14:55,1,如何看待「男子烧炭自杀疑遭 PUA：每天给女友转账 666 元，不转会被罚」？,1730
2020-09-25 09:14:55,2,如何看待罗永浩表示 6 亿债务已还了 4 亿？他是如何做到的？6 亿债务具体如何欠下的？,1476
2020-09-25 09:14:55,3,如何看待《糖豆人》官方公开的糖豆人内部构造设定图？由此推测糖豆人具有怎样的生物学特征？,743
2020-09-25 09:14:55,4,有哪些特征一眼就会被看出是 iPhone 用户？,619
2020-09-25 09:14:55,5,港媒称乱港分子黄之锋被捕，他将受到怎样的法律制裁？后续发展会如何？,592
2020-09-25 09:14:55,6,在媳妇儿的强烈要求下 35 万买了宝马 320，觉得在宝马这个标上亏了 10 万，心态已崩，怎么缓解？,566
2020-09-25 09:14:55,7,如何看待小伙因身高不足 1 米 8 自卑，做断骨增高手术失败导致终身残疾？,564
2020-09-25 09:14:55,8,重庆市某机关食堂将肉价 18.5 元改为 185 元，176 斤菜报账变成 1776 斤，涉嫌什么犯罪？会受何处罚？,462
2020-09-25 09:14:55,9,如何看待 9 月 23 日晚特斯拉系统全球性宕机，有车主被困沙漠打两小时救援电话，市值跌去 2700 亿？,425
2020-09-25 09:15:55,0,「我想要秋天的第一杯奶茶」是什么梗，为什么突然火了？反映了一种怎样的心理现象？,2386
2020-09-25 09:15:55,1,如何看待「男子烧炭自杀疑遭 PUA：每天给女友转账 666 元，不转会被罚」？,1730
2020-09-25 09:15:55,2,如何看待罗永浩表示 6 亿债务已还了 4 亿？他是如何做到的？6 亿债务具体如何欠下的？,1476
2020-09-25 09:15:55,3,如何看待《糖豆人》官方公开的糖豆人内部构造设定图？由此推测糖豆人具有怎样的生物学特征？,743
2020-09-25 09:15:55,4,有哪些特征一眼就会被看出是 iPhone 用户？,619
2020-09-25 09:15:55,5,港媒称乱港分子黄之锋被捕，他将受到怎样的法律制裁？后续发展会如何？,592
2020-09-25 09:15:55,6,在媳妇儿的强烈要求下 35 万买了宝马 320，觉得在宝马这个标上亏了 10 万，心态已崩，怎么缓解？,566
2020-09-25 09:15:55,7,如何看待小伙因身高不足 1 米 8 自卑，做断骨增高手术失败导致终身残疾？,564
2020-09-25 09:15:55,8,重庆市某机关食堂将肉价 18.5 元改为 185 元，176 斤菜报账变成 1776 斤，涉嫌什么犯罪？会受何处罚？,462
2020-09-25 09:15:55,9,如何看待 9 月 23 日晚特斯拉系统全球性宕机，有车主被困沙漠打两小时救援电话，市值跌去 2700 亿？,425
2020-09-25 09:16:56,0,「我想要秋天的第一杯奶茶」是什么梗，为什么突然火了？反映了一种怎样的心理现象？,2388
2020-09-25 09:16:56,1,如何看待「男子烧炭自杀疑遭 PUA：每天给女友转账 666 元，不转会被罚」？,1745
2020-09-25 09:16:56,2,如何看待罗永浩表示 6 亿债务已还了 4 亿？他是如何做到的？6 亿债务具体如何欠下的？,1485
2020-09-25 09:16:56,3,如何看待《糖豆人》官方公开的糖豆人内部构造设定图？由此推测糖豆人具有怎样的生物学特征？,747
2020-09-25 09:16:56,4,有哪些特征一眼就会被看出是 iPhone 用户？,624
2020-09-25 09:16:56,5,港媒称乱港分子黄之锋被捕，他将受到怎样的法律制裁？后续发展会如何？,598
2020-09-25 09:16:56,6,在媳妇儿的强烈要求下 35 万买了宝马 320，觉得在宝马这个标上亏了 10 万，心态已崩，怎么缓解？,573
2020-09-25 09:16:56,7,如何看待小伙因身高不足 1 米 8 自卑，做断骨增高手术失败导致终身残疾？,567
2020-09-25 09:16:56,8,重庆市某机关食堂将肉价 18.5 元改为 185 元，176 斤菜报账变成 1776 斤，涉嫌什么犯罪？会受何处罚？,467
2020-09-25 09:16:56,9,如何看待 9 月 23 日晚特斯拉系统全球性宕机，有车主被困沙漠打两小时救援电话，市值跌去 2700 亿？,426
2020-09-25 09:17:57,0,「我想要秋天的第一杯奶茶」是什么梗，为什么突然火了？反映了一种怎样的心理现象？,2394
2020-09-25 09:17:57,1,如何看待「男子烧炭自杀疑遭 PUA：每天给女友转账 666 元，不转会被罚」？,1757
2020-09-25 09:17:57,2,如何看待罗永浩表示 6 亿债务已还了 4 亿？他是如何做到的？6 亿债务具体如何欠下的？,1497
2020-09-25 09:17:57,3,如何看待《糖豆人》官方公开的糖豆人内部构造设定图？由此推测糖豆人具有怎样的生物学特征？,751
2020-09-25 09:17:57,4,有哪些特征一眼就会被看出是 iPhone 用户？,626
2020-09-25 09:17:57,5,港媒称乱港分子黄之锋被捕，他将受到怎样的法律制裁？后续发展会如何？,602
2020-09-25 09:17:57,6,在媳妇儿的强烈要求下 35 万买了宝马 320，觉得在宝马这个标上亏了 10 万，心态已崩，怎么缓解？,578
2020-09-25 09:17:57,7,如何看待小伙因身高不足 1 米 8 自卑，做断骨增高手术失败导致终身残疾？,570
2020-09-25 09:17:57,8,重庆市某机关食堂将肉价 18.5 元改为 185 元，176 斤菜报账变成 1776 斤，涉嫌什么犯罪？会受何处罚？,470
2020-09-25 09:17:57,9,如何看待 9 月 23 日晚特斯拉系统全球性宕机，有车主被困沙漠打两小时救援电话，市值跌去 2700 亿？,427
2020-09-25 09:19:00,0,「我想要秋天的第一杯奶茶」是什么梗，为什么突然火了？反映了一种怎样的心理现象？,2394
2020-09-25 09:19:00,1,如何看待「男子烧炭自杀疑遭 PUA：每天给女友转账 666 元，不转会被罚」？,1757
2020-09-25 09:19:00,2,如何看待罗永浩表示 6 亿债务已还了 4 亿？他是如何做到的？6 亿债务具体如何欠下的？,1497
2020-09-25 09:19:00,3,如何看待《糖豆人》官方公开的糖豆人内部构造设定图？由此推测糖豆人具有怎样的生物学特征？,751
2020-09-25 09:19:00,4,有哪些特征一眼就会被看出是 iPhone 用户？,626
2020-09-25 09:19:00,5,港媒称乱港分子黄之锋被捕，他将受到怎样的法律制裁？后续发展会如何？,602
2020-09-25 09:19:00,6,在媳妇儿的强烈要求下 35 万买了宝马 320，觉得在宝马这个标上亏了 10 万，心态已崩，怎么缓解？,578
2020-09-25 09:19:00,7,如何看待小伙因身高不足 1 米 8 自卑，做断骨增高手术失败导致终身残疾？,570
2020-09-25 09:19:00,8,重庆市某机关食堂将肉价 18.5 元改为 185 元，176 斤菜报账变成 1776 斤，涉嫌什么犯罪？会受何处罚？,470
2020-09-25 09:19:00,9,如何看待 9 月 23 日晚特斯拉系统全球性宕机，有车主被困沙漠打两小时救援电话，市值跌去 2700 亿？,427
2020-09-25 09:20:00,0,「我想要秋天的第一杯奶茶」是什么梗，为什么突然火了？反映了一种怎样的心理现象？,2393
2020-09-25 09:20:00,1,如何看待「男子烧炭自杀疑遭 PUA：每天给女友转账 666 元，不转会被罚」？,1773
2020-09-25 09:20:00,2,如何看待罗永浩表示 6 亿债务已还了 4 亿？他是如何做到的？6 亿债务具体如何欠下的？,1505
2020-09-25 09:20:00,3,如何看待《糖豆人》官方公开的糖豆人内部构造设定图？由此推测糖豆人具有怎样的生物学特征？,754
2020-09-25 09:20:00,4,有哪些特征一眼就会被看出是 iPhone 用户？,630
2020-09-25 09:20:00,5,港媒称乱港分子黄之锋被捕，他将受到怎样的法律制裁？后续发展会如何？,606
2020-09-25 09:20:00,6,在媳妇儿的强烈要求下 35 万买了宝马 320，觉得在宝马这个标上亏了 10 万，心态已崩，怎么缓解？,582
2020-09-25 09:20:00,7,如何看待小伙因身高不足 1 米 8 自卑，做断骨增高手术失败导致终身残疾？,572
2020-09-25 09:20:00,8,重庆市某机关食堂将肉价 18.5 元改为 185 元，176 斤菜报账变成 1776 斤，涉嫌什么犯罪？会受何处罚？,475
2020-09-25 09:20:00,9,如何看待 9 月 23 日晚特斯拉系统全球性宕机，有车主被困沙漠打两小时救援电话，市值跌去 2700 亿？,427
2020-09-25 09:21:01,0,「我想要秋天的第一杯奶茶」是什么梗，为什么突然火了？反映了一种怎样的心理现象？,2395
2020-09-25 09:21:01,1,如何看待「男子烧炭自杀疑遭 PUA：每天给女友转账 666 元，不转会被罚」？,1784
2020-09-25 09:21:01,2,如何看待罗永浩表示 6 亿债务已还了 4 亿？他是如何做到的？6 亿债务具体如何欠下的？,1513
2020-09-25 09:21:01,3,如何看待《糖豆人》官方公开的糖豆人内部构造设定图？由此推测糖豆人具有怎样的生物学特征？,756
2020-09-25 09:21:01,4,有哪些特征一眼就会被看出是 iPhone 用户？,633
2020-09-25 09:21:01,5,港媒称乱港分子黄之锋被捕，他将受到怎样的法律制裁？后续发展会如何？,610
2020-09-25 09:21:01,6,在媳妇儿的强烈要求下 35 万买了宝马 320，觉得在宝马这个标上亏了 10 万，心态已崩，怎么缓解？,587
2020-09-25 09:21:01,7,如何看待小伙因身高不足 1 米 8 自卑，做断骨增高手术失败导致终身残疾？,575
2020-09-25 09:21:01,8,重庆市某机关食堂将肉价 18.5 元改为 185 元，176 斤菜报账变成 1776 斤，涉嫌什么犯罪？会受何处罚？,480
2020-09-25 09:21:01,9,如何看待 9 月 23 日晚特斯拉系统全球性宕机，有车主被困沙漠打两小时救援电话，市值跌去 2700 亿？,428
2020-09-25 09:22:01,0,「我想要秋天的第一杯奶茶」是什么梗，为什么突然火了？反映了一种怎样的心理现象？,2395
2020-09-25 09:22:01,1,如何看待「男子烧炭自杀疑遭 PUA：每天给女友转账 666 元，不转会被罚」？,1784
2020-09-25 09:22:01,2,如何看待罗永浩表示 6 亿债务已还了 4 亿？他是如何做到的？6 亿债务具体如何欠下的？,1513
2020-09-25 09:22:01,3,如何看待《糖豆人》官方公开的糖豆人内部构造设定图？由此推测糖豆人具有怎样的生物学特征？,756
2020-09-25 09:22:01,4,有哪些特征一眼就会被看出是 iPhone 用户？,633
2020-09-25 09:22:01,5,港媒称乱港分子黄之锋被捕，他将受到怎样的法律制裁？后续发展会如何？,610
2020-09-25 09:22:01,6,在媳妇儿的强烈要求下 35 万买了宝马 320，觉得在宝马这个标上亏了 10 万，心态已崩，怎么缓解？,587
2020-09-25 09:22:01,7,如何看待小伙因身高不足 1 米 8 自卑，做断骨增高手术失败导致终身残疾？,575
2020-09-25 09:22:01,8,重庆市某机关食堂将肉价 18.5 元改为 185 元，176 斤菜报账变成 1776 斤，涉嫌什么犯罪？会受何处罚？,480
2020-09-25 09:22:01,9,如何看待 9 月 23 日晚特斯拉系统全球性宕机，有车主被困沙漠打两小时救援电话，市值跌去 2700 亿？,428
2020-09-25 09:23:02,0,「我想要秋天的第一杯奶茶」是什么梗，为什么突然火了？反映了一种怎样的心理现象？,2395
2020-09-25 09:23:02,1,如何看待「男子烧炭自杀疑遭 PUA：每天给女友转账 666 元，不转会被罚」？,1801
2020-09-25 09:23:02,2,如何看待罗永浩表示 6 亿债务已还了 4 亿？他是如何做到的？6 亿债务具体如何欠下的？,1522
2020-09-25 09:23:02,3,如何看待《糖豆人》官方公开的糖豆人内部构造设定图？由此推测糖豆人具有怎样的生物学特征？,759
2020-09-25 09:23:02,4,有哪些特征一眼就会被看出是 iPhone 用户？,635
2020-09-25 09:23:02,5,港媒称乱港分子黄之锋被捕，他将受到怎样的法律制裁？后续发展会如何？,613
2020-09-25 09:23:02,6,在媳妇儿的强烈要求下 35 万买了宝马 320，觉得在宝马这个标上亏了 10 万，心态已崩，怎么缓解？,592
2020-09-25 09:23:02,7,如何看待小伙因身高不足 1 米 8 自卑，做断骨增高手术失败导致终身残疾？,579
2020-09-25 09:23:02,8,重庆市某机关食堂将肉价 18.5 元改为 185 元，176 斤菜报账变成 1776 斤，涉嫌什么犯罪？会受何处罚？,485
2020-09-25 09:23:02,9,如何看待 9 月 23 日晚特斯拉系统全球性宕机，有车主被困沙漠打两小时救援电话，市值跌去 2700 亿？,428
2020-09-25 09:24:02,0,「我想要秋天的第一杯奶茶」是什么梗，为什么突然火了？反映了一种怎样的心理现象？,2400
2020-09-25 09:24:02,1,如何看待「男子烧炭自杀疑遭 PUA：每天给女友转账 666 元，不转会被罚」？,1816
2020-09-25 09:24:02,2,如何看待罗永浩表示 6 亿债务已还了 4 亿？他是如何做到的？6 亿债务具体如何欠下的？,1528
2020-09-25 09:24:02,3,如何看待《糖豆人》官方公开的糖豆人内部构造设定图？由此推测糖豆人具有怎样的生物学特征？,760
2020-09-25 09:24:02,4,有哪些特征一眼就会被看出是 iPhone 用户？,638
2020-09-25 09:24:02,5,港媒称乱港分子黄之锋被捕，他将受到怎样的法律制裁？后续发展会如何？,637
2020-09-25 09:24:02,6,在媳妇儿的强烈要求下 35 万买了宝马 320，觉得在宝马这个标上亏了 10 万，心态已崩，怎么缓解？,597
2020-09-25 09:24:02,7,如何看待小伙因身高不足 1 米 8 自卑，做断骨增高手术失败导致终身残疾？,581
2020-09-25 09:24:02,8,重庆市某机关食堂将肉价 18.5 元改为 185 元，176 斤菜报账变成 1776 斤，涉嫌什么犯罪？会受何处罚？,489
2020-09-25 09:24:02,9,如何看待 9 月 23 日晚特斯拉系统全球性宕机，有车主被困沙漠打两小时救援电话，市值跌去 2700 亿？,430
2020-09-25 09:25:02,0,「我想要秋天的第一杯奶茶」是什么梗，为什么突然火了？反映了一种怎样的心理现象？,2400
2020-09-25 09:25:02,1,如何看待「男子烧炭自杀疑遭 PUA：每天给女友转账 666 元，不转会被罚」？,1816
2020-09-25 09:25:02,2,如何看待罗永浩表示 6 亿债务已还了 4 亿？他是如何做到的？6 亿债务具体如何欠下的？,1528
2020-09-25 09:25:02,3,如何看待《糖豆人》官方公开的糖豆人内部构造设定图？由此推测糖豆人具有怎样的生物学特征？,760
2020-09-25 09:25:02,4,有哪些特征一眼就会被看出是 iPhone 用户？,638
2020-09-25 09:25:02,5,港媒称乱港分子黄之锋被捕，他将受到怎样的法律制裁？后续发展会如何？,637
2020-09-25 09:25:02,6,在媳妇儿的强烈要求下 35 万买了宝马 320，觉得在宝马这个标上亏了 10 万，心态已崩，怎么缓解？,597
2020-09-25 09:25:02,7,如何看待小伙因身高不足 1 米 8 自卑，做断骨增高手术失败导致终身残疾？,581
2020-09-25 09:25:02,8,重庆市某机关食堂将肉价 18.5 元改为 185 元，176 斤菜报账变成 1776 斤，涉嫌什么犯罪？会受何处罚？,489
2020-09-25 09:25:02,9,如何看待 9 月 23 日晚特斯拉系统全球性宕机，有车主被困沙漠打两小时救援电话，市值跌去 2700 亿？,430
2020-09-25 09:26:06,0,「我想要秋天的第一杯奶茶」是什么梗，为什么突然火了？反映了一种怎样的心理现象？,2402
2020-09-25 09:26:06,1,如何看待「男子烧炭自杀疑遭 PUA：每天给女友转账 666 元，不转会被罚」？,1829
2020-09-25 09:26:06,2,如何看待罗永浩表示 6 亿债务已还了 4 亿？他是如何做到的？6 亿债务具体如何欠下的？,1537
2020-09-25 09:26:06,3,如何看待《糖豆人》官方公开的糖豆人内部构造设定图？由此推测糖豆人具有怎样的生物学特征？,760
2020-09-25 09:26:06,4,有哪些特征一眼就会被看出是 iPhone 用户？,641
2020-09-25 09:26:06,5,港媒称乱港分子黄之锋被捕，他将受到怎样的法律制裁？后续发展会如何？,638
2020-09-25 09:26:06,6,在媳妇儿的强烈要求下 35 万买了宝马 320，觉得在宝马这个标上亏了 10 万，心态已崩，怎么缓解？,604
2020-09-25 09:26:06,7,如何看待小伙因身高不足 1 米 8 自卑，做断骨增高手术失败导致终身残疾？,584
2020-09-25 09:26:06,8,重庆市某机关食堂将肉价 18.5 元改为 185 元，176 斤菜报账变成 1776 斤，涉嫌什么犯罪？会受何处罚？,495
2020-09-25 09:26:06,9,如何看待 9 月 23 日晚特斯拉系统全球性宕机，有车主被困沙漠打两小时救援电话，市值跌去 2700 亿？,430
2020-09-25 09:27:06,0,「我想要秋天的第一杯奶茶」是什么梗，为什么突然火了？反映了一种怎样的心理现象？,2407
2020-09-25 09:27:06,1,如何看待「男子烧炭自杀疑遭 PUA：每天给女友转账 666 元，不转会被罚」？,1841
2020-09-25 09:27:06,2,如何看待罗永浩表示 6 亿债务已还了 4 亿？他是如何做到的？6 亿债务具体如何欠下的？,1544
2020-09-25 09:27:06,3,如何看待《糖豆人》官方公开的糖豆人内部构造设定图？由此推测糖豆人具有怎样的生物学特征？,762
2020-09-25 09:27:06,4,有哪些特征一眼就会被看出是 iPhone 用户？,643
2020-09-25 09:27:06,5,港媒称乱港分子黄之锋被捕，他将受到怎样的法律制裁？后续发展会如何？,638
2020-09-25 09:27:06,6,在媳妇儿的强烈要求下 35 万买了宝马 320，觉得在宝马这个标上亏了 10 万，心态已崩，怎么缓解？,609
2020-09-25 09:27:06,7,如何看待小伙因身高不足 1 米 8 自卑，做断骨增高手术失败导致终身残疾？,587
2020-09-25 09:27:06,8,重庆市某机关食堂将肉价 18.5 元改为 185 元，176 斤菜报账变成 1776 斤，涉嫌什么犯罪？会受何处罚？,500
2020-09-25 09:27:06,9,如何看待 9 月 23 日晚特斯拉系统全球性宕机，有车主被困沙漠打两小时救援电话，市值跌去 2700 亿？,429
2020-09-25 09:28:06,0,「我想要秋天的第一杯奶茶」是什么梗，为什么突然火了？反映了一种怎样的心理现象？,2407
2020-09-25 09:28:06,1,如何看待「男子烧炭自杀疑遭 PUA：每天给女友转账 666 元，不转会被罚」？,1841
2020-09-25 09:28:06,2,如何看待罗永浩表示 6 亿债务已还了 4 亿？他是如何做到的？6 亿债务具体如何欠下的？,1544
2020-09-25 09:28:06,3,如何看待《糖豆人》官方公开的糖豆人内部构造设定图？由此推测糖豆人具有怎样的生物学特征？,762
2020-09-25 09:28:06,4,有哪些特征一眼就会被看出是 iPhone 用户？,643
2020-09-25 09:28:06,5,港媒称乱港分子黄之锋被捕，他将受到怎样的法律制裁？后续发展会如何？,638
2020-09-25 09:28:06,6,在媳妇儿的强烈要求下 35 万买了宝马 320，觉得在宝马这个标上亏了 10 万，心态已崩，怎么缓解？,609
2020-09-25 09:28:06,7,如何看待小伙因身高不足 1 米 8 自卑，做断骨增高手术失败导致终身残疾？,587
2020-09-25 09:28:06,8,重庆市某机关食堂将肉价 18.5 元改为 185 元，176 斤菜报账变成 1776 斤，涉嫌什么犯罪？会受何处罚？,500
2020-09-25 09:28:06,9,如何看待 9 月 23 日晚特斯拉系统全球性宕机，有车主被困沙漠打两小时救援电话，市值跌去 2700 亿？,429
2020-09-25 09:29:10,0,「我想要秋天的第一杯奶茶」是什么梗，为什么突然火了？反映了一种怎样的心理现象？,2408
2020-09-25 09:29:10,1,如何看待「男子烧炭自杀疑遭 PUA：每天给女友转账 666 元，不转会被罚」？,1851
2020-09-25 09:29:10,2,如何看待罗永浩表示 6 亿债务已还了 4 亿？他是如何做到的？6 亿债务具体如何欠下的？,1552
2020-09-25 09:29:10,3,如何看待《糖豆人》官方公开的糖豆人内部构造设定图？由此推测糖豆人具有怎样的生物学特征？,765
2020-09-25 09:29:10,4,有哪些特征一眼就会被看出是 iPhone 用户？,644
2020-09-25 09:29:10,5,港媒称乱港分子黄之锋被捕，他将受到怎样的法律制裁？后续发展会如何？,638
2020-09-25 09:29:10,6,在媳妇儿的强烈要求下 35 万买了宝马 320，觉得在宝马这个标上亏了 10 万，心态已崩，怎么缓解？,612
2020-09-25 09:29:10,7,如何看待小伙因身高不足 1 米 8 自卑，做断骨增高手术失败导致终身残疾？,590
2020-09-25 09:29:10,8,重庆市某机关食堂将肉价 18.5 元改为 185 元，176 斤菜报账变成 1776 斤，涉嫌什么犯罪？会受何处罚？,504
2020-09-25 09:29:10,9,如何看待 9 月 23 日晚特斯拉系统全球性宕机，有车主被困沙漠打两小时救援电话，市值跌去 2700 亿？,429
2020-09-25 09:30:10,0,「我想要秋天的第一杯奶茶」是什么梗，为什么突然火了？反映了一种怎样的心理现象？,2416
2020-09-25 09:30:10,1,如何看待「男子烧炭自杀疑遭 PUA：每天给女友转账 666 元，不转会被罚」？,1862
2020-09-25 09:30:10,2,如何看待罗永浩表示 6 亿债务已还了 4 亿？他是如何做到的？6 亿债务具体如何欠下的？,1559
2020-09-25 09:30:10,3,如何看待《糖豆人》官方公开的糖豆人内部构造设定图？由此推测糖豆人具有怎样的生物学特征？,767
2020-09-25 09:30:10,4,有哪些特征一眼就会被看出是 iPhone 用户？,646
2020-09-25 09:30:10,5,港媒称乱港分子黄之锋被捕，他将受到怎样的法律制裁？后续发展会如何？,638
2020-09-25 09:30:10,6,在媳妇儿的强烈要求下 35 万买了宝马 320，觉得在宝马这个标上亏了 10 万，心态已崩，怎么缓解？,616
2020-09-25 09:30:10,7,如何看待小伙因身高不足 1 米 8 自卑，做断骨增高手术失败导致终身残疾？,593
2020-09-25 09:30:10,8,重庆市某机关食堂将肉价 18.5 元改为 185 元，176 斤菜报账变成 1776 斤，涉嫌什么犯罪？会受何处罚？,509
2020-09-25 09:30:10,9,为什么李诞火了，王建国却没有火？,429
2020-09-25 09:31:11,0,「我想要秋天的第一杯奶茶」是什么梗，为什么突然火了？反映了一种怎样的心理现象？,2416
2020-09-25 09:31:11,1,如何看待「男子烧炭自杀疑遭 PUA：每天给女友转账 666 元，不转会被罚」？,1862
2020-09-25 09:31:11,2,如何看待罗永浩表示 6 亿债务已还了 4 亿？他是如何做到的？6 亿债务具体如何欠下的？,1559
2020-09-25 09:31:11,3,如何看待《糖豆人》官方公开的糖豆人内部构造设定图？由此推测糖豆人具有怎样的生物学特征？,767
2020-09-25 09:31:11,4,有哪些特征一眼就会被看出是 iPhone 用户？,646
2020-09-25 09:31:11,5,港媒称乱港分子黄之锋被捕，他将受到怎样的法律制裁？后续发展会如何？,638
2020-09-25 09:31:11,6,在媳妇儿的强烈要求下 35 万买了宝马 320，觉得在宝马这个标上亏了 10 万，心态已崩，怎么缓解？,616
2020-09-25 09:31:11,7,如何看待小伙因身高不足 1 米 8 自卑，做断骨增高手术失败导致终身残疾？,593
2020-09-25 09:31:11,8,重庆市某机关食堂将肉价 18.5 元改为 185 元，176 斤菜报账变成 1776 斤，涉嫌什么犯罪？会受何处罚？,509
2020-09-25 09:31:11,9,为什么李诞火了，王建国却没有火？,429
2020-09-25 09:32:11,0,「我想要秋天的第一杯奶茶」是什么梗，为什么突然火了？反映了一种怎样的心理现象？,2417
2020-09-25 09:32:11,1,如何看待「男子烧炭自杀疑遭 PUA：每天给女友转账 666 元，不转会被罚」？,1872
2020-09-25 09:32:11,2,如何看待罗永浩表示 6 亿债务已还了 4 亿？他是如何做到的？6 亿债务具体如何欠下的？,1540
2020-09-25 09:32:11,3,如何看待《糖豆人》官方公开的糖豆人内部构造设定图？由此推测糖豆人具有怎样的生物学特征？,769
2020-09-25 09:32:11,4,有哪些特征一眼就会被看出是 iPhone 用户？,648
2020-09-25 09:32:11,5,港媒称乱港分子黄之锋被捕，他将受到怎样的法律制裁？后续发展会如何？,636
2020-09-25 09:32:11,6,在媳妇儿的强烈要求下 35 万买了宝马 320，觉得在宝马这个标上亏了 10 万，心态已崩，怎么缓解？,620
2020-09-25 09:32:11,7,如何看待小伙因身高不足 1 米 8 自卑，做断骨增高手术失败导致终身残疾？,597
2020-09-25 09:32:11,8,重庆市某机关食堂将肉价 18.5 元改为 185 元，176 斤菜报账变成 1776 斤，涉嫌什么犯罪？会受何处罚？,514
2020-09-25 09:32:11,9,为什么李诞火了，王建国却没有火？,432
2020-09-25 09:33:11,0,「我想要秋天的第一杯奶茶」是什么梗，为什么突然火了？反映了一种怎样的心理现象？,2420
2020-09-25 09:33:11,1,如何看待「男子烧炭自杀疑遭 PUA：每天给女友转账 666 元，不转会被罚」？,1883
2020-09-25 09:33:11,2,如何看待罗永浩表示 6 亿债务已还了 4 亿？他是如何做到的？6 亿债务具体如何欠下的？,1521
2020-09-25 09:33:11,3,如何看待《糖豆人》官方公开的糖豆人内部构造设定图？由此推测糖豆人具有怎样的生物学特征？,771
2020-09-25 09:33:11,4,有哪些特征一眼就会被看出是 iPhone 用户？,648
2020-09-25 09:33:11,5,港媒称乱港分子黄之锋被捕，他将受到怎样的法律制裁？后续发展会如何？,637
2020-09-25 09:33:11,6,在媳妇儿的强烈要求下 35 万买了宝马 320，觉得在宝马这个标上亏了 10 万，心态已崩，怎么缓解？,623
2020-09-25 09:33:11,7,如何看待小伙因身高不足 1 米 8 自卑，做断骨增高手术失败导致终身残疾？,598
2020-09-25 09:33:11,8,重庆市某机关食堂将肉价 18.5 元改为 185 元，176 斤菜报账变成 1776 斤，涉嫌什么犯罪？会受何处罚？,518
2020-09-25 09:33:11,9,为什么李诞火了，王建国却没有火？,434
2020-09-25 09:34:12,0,「我想要秋天的第一杯奶茶」是什么梗，为什么突然火了？反映了一种怎样的心理现象？,2420
2020-09-25 09:34:12,1,如何看待「男子烧炭自杀疑遭 PUA：每天给女友转账 666 元，不转会被罚」？,1883
2020-09-25 09:34:12,2,如何看待罗永浩表示 6 亿债务已还了 4 亿？他是如何做到的？6 亿债务具体如何欠下的？,1521
2020-09-25 09:34:12,3,如何看待《糖豆人》官方公开的糖豆人内部构造设定图？由此推测糖豆人具有怎样的生物学特征？,771
2020-09-25 09:34:12,4,有哪些特征一眼就会被看出是 iPhone 用户？,648
2020-09-25 09:34:12,5,港媒称乱港分子黄之锋被捕，他将受到怎样的法律制裁？后续发展会如何？,637
2020-09-25 09:34:12,6,在媳妇儿的强烈要求下 35 万买了宝马 320，觉得在宝马这个标上亏了 10 万，心态已崩，怎么缓解？,623
2020-09-25 09:34:12,7,如何看待小伙因身高不足 1 米 8 自卑，做断骨增高手术失败导致终身残疾？,598
2020-09-25 09:34:12,8,重庆市某机关食堂将肉价 18.5 元改为 185 元，176 斤菜报账变成 1776 斤，涉嫌什么犯罪？会受何处罚？,518
2020-09-25 09:34:12,9,为什么李诞火了，王建国却没有火？,434
2020-09-25 09:35:12,0,「我想要秋天的第一杯奶茶」是什么梗，为什么突然火了？反映了一种怎样的心理现象？,2420
2020-09-25 09:35:12,1,如何看待「男子烧炭自杀疑遭 PUA：每天给女友转账 666 元，不转会被罚」？,1895
2020-09-25 09:35:12,2,如何看待罗永浩表示 6 亿债务已还了 4 亿？他是如何做到的？6 亿债务具体如何欠下的？,1503
2020-09-25 09:35:12,3,如何看待《糖豆人》官方公开的糖豆人内部构造设定图？由此推测糖豆人具有怎样的生物学特征？,773
2020-09-25 09:35:12,4,有哪些特征一眼就会被看出是 iPhone 用户？,649
2020-09-25 09:35:12,5,港媒称乱港分子黄之锋被捕，他将受到怎样的法律制裁？后续发展会如何？,636
2020-09-25 09:35:12,6,在媳妇儿的强烈要求下 35 万买了宝马 320，觉得在宝马这个标上亏了 10 万，心态已崩，怎么缓解？,627
2020-09-25 09:35:12,7,如何看待小伙因身高不足 1 米 8 自卑，做断骨增高手术失败导致终身残疾？,601
2020-09-25 09:35:12,8,重庆市某机关食堂将肉价 18.5 元改为 185 元，176 斤菜报账变成 1776 斤，涉嫌什么犯罪？会受何处罚？,524
2020-09-25 09:35:12,9,为什么李诞火了，王建国却没有火？,436
2020-09-25 09:36:13,0,「我想要秋天的第一杯奶茶」是什么梗，为什么突然火了？反映了一种怎样的心理现象？,2423
2020-09-25 09:36:13,1,如何看待「男子烧炭自杀疑遭 PUA：每天给女友转账 666 元，不转会被罚」？,1906
2020-09-25 09:36:13,2,如何看待罗永浩表示 6 亿债务已还了 4 亿？他是如何做到的？6 亿债务具体如何欠下的？,1484
2020-09-25 09:36:13,3,如何看待《糖豆人》官方公开的糖豆人内部构造设定图？由此推测糖豆人具有怎样的生物学特征？,775
2020-09-25 09:36:13,4,有哪些特征一眼就会被看出是 iPhone 用户？,650
2020-09-25 09:36:13,5,港媒称乱港分子黄之锋被捕，他将受到怎样的法律制裁？后续发展会如何？,637
2020-09-25 09:36:13,6,在媳妇儿的强烈要求下 35 万买了宝马 320，觉得在宝马这个标上亏了 10 万，心态已崩，怎么缓解？,629
2020-09-25 09:36:13,7,如何看待小伙因身高不足 1 米 8 自卑，做断骨增高手术失败导致终身残疾？,603
2020-09-25 09:36:13,8,重庆市某机关食堂将肉价 18.5 元改为 185 元，176 斤菜报账变成 1776 斤，涉嫌什么犯罪？会受何处罚？,529
2020-09-25 09:36:13,9,为什么李诞火了，王建国却没有火？,438
2020-09-25 09:37:13,0,「我想要秋天的第一杯奶茶」是什么梗，为什么突然火了？反映了一种怎样的心理现象？,2423
2020-09-25 09:37:13,1,如何看待「男子烧炭自杀疑遭 PUA：每天给女友转账 666 元，不转会被罚」？,1906
2020-09-25 09:37:13,2,如何看待罗永浩表示 6 亿债务已还了 4 亿？他是如何做到的？6 亿债务具体如何欠下的？,1484
2020-09-25 09:37:13,3,如何看待《糖豆人》官方公开的糖豆人内部构造设定图？由此推测糖豆人具有怎样的生物学特征？,775
2020-09-25 09:37:13,4,有哪些特征一眼就会被看出是 iPhone 用户？,650
2020-09-25 09:37:13,5,港媒称乱港分子黄之锋被捕，他将受到怎样的法律制裁？后续发展会如何？,637
2020-09-25 09:37:13,6,在媳妇儿的强烈要求下 35 万买了宝马 320，觉得在宝马这个标上亏了 10 万，心态已崩，怎么缓解？,629
2020-09-25 09:37:13,7,如何看待小伙因身高不足 1 米 8 自卑，做断骨增高手术失败导致终身残疾？,603
2020-09-25 09:37:13,8,重庆市某机关食堂将肉价 18.5 元改为 185 元，176 斤菜报账变成 1776 斤，涉嫌什么犯罪？会受何处罚？,529
2020-09-25 09:37:13,9,为什么李诞火了，王建国却没有火？,438
2020-09-25 09:38:14,0,「我想要秋天的第一杯奶茶」是什么梗，为什么突然火了？反映了一种怎样的心理现象？,2421
2020-09-25 09:38:14,1,如何看待「男子烧炭自杀疑遭 PUA：每天给女友转账 666 元，不转会被罚」？,1916
2020-09-25 09:38:14,2,如何看待罗永浩表示 6 亿债务已还了 4 亿？他是如何做到的？6 亿债务具体如何欠下的？,1467
2020-09-25 09:38:14,3,如何看待《糖豆人》官方公开的糖豆人内部构造设定图？由此推测糖豆人具有怎样的生物学特征？,776
2020-09-25 09:38:14,4,有哪些特征一眼就会被看出是 iPhone 用户？,653
2020-09-25 09:38:14,5,港媒称乱港分子黄之锋被捕，他将受到怎样的法律制裁？后续发展会如何？,637
2020-09-25 09:38:14,6,在媳妇儿的强烈要求下 35 万买了宝马 320，觉得在宝马这个标上亏了 10 万，心态已崩，怎么缓解？,632
2020-09-25 09:38:14,7,如何看待小伙因身高不足 1 米 8 自卑，做断骨增高手术失败导致终身残疾？,606
2020-09-25 09:38:14,8,重庆市某机关食堂将肉价 18.5 元改为 185 元，176 斤菜报账变成 1776 斤，涉嫌什么犯罪？会受何处罚？,532
2020-09-25 09:38:14,9,为什么李诞火了，王建国却没有火？,439
2020-09-25 09:39:14,0,「我想要秋天的第一杯奶茶」是什么梗，为什么突然火了？反映了一种怎样的心理现象？,2418
2020-09-25 09:39:14,1,如何看待「男子烧炭自杀疑遭 PUA：每天给女友转账 666 元，不转会被罚」？,1925
2020-09-25 09:39:14,2,如何看待罗永浩表示 6 亿债务已还了 4 亿？他是如何做到的？6 亿债务具体如何欠下的？,1448
2020-09-25 09:39:14,3,如何看待《糖豆人》官方公开的糖豆人内部构造设定图？由此推测糖豆人具有怎样的生物学特征？,776
2020-09-25 09:39:14,4,有哪些特征一眼就会被看出是 iPhone 用户？,655
2020-09-25 09:39:14,5,港媒称乱港分子黄之锋被捕，他将受到怎样的法律制裁？后续发展会如何？,637
2020-09-25 09:39:14,6,在媳妇儿的强烈要求下 35 万买了宝马 320，觉得在宝马这个标上亏了 10 万，心态已崩，怎么缓解？,636
2020-09-25 09:39:14,7,如何看待小伙因身高不足 1 米 8 自卑，做断骨增高手术失败导致终身残疾？,607
2020-09-25 09:39:14,8,重庆市某机关食堂将肉价 18.5 元改为 185 元，176 斤菜报账变成 1776 斤，涉嫌什么犯罪？会受何处罚？,536
2020-09-25 09:39:14,9,为什么李诞火了，王建国却没有火？,443
2020-09-25 09:40:14,0,「我想要秋天的第一杯奶茶」是什么梗，为什么突然火了？反映了一种怎样的心理现象？,2418
2020-09-25 09:40:14,1,如何看待「男子烧炭自杀疑遭 PUA：每天给女友转账 666 元，不转会被罚」？,1925
2020-09-25 09:40:14,2,如何看待罗永浩表示 6 亿债务已还了 4 亿？他是如何做到的？6 亿债务具体如何欠下的？,1448
2020-09-25 09:40:14,3,如何看待《糖豆人》官方公开的糖豆人内部构造设定图？由此推测糖豆人具有怎样的生物学特征？,776
2020-09-25 09:40:14,4,有哪些特征一眼就会被看出是 iPhone 用户？,655
2020-09-25 09:40:14,5,港媒称乱港分子黄之锋被捕，他将受到怎样的法律制裁？后续发展会如何？,637
2020-09-25 09:40:14,6,在媳妇儿的强烈要求下 35 万买了宝马 320，觉得在宝马这个标上亏了 10 万，心态已崩，怎么缓解？,636
2020-09-25 09:40:14,7,如何看待小伙因身高不足 1 米 8 自卑，做断骨增高手术失败导致终身残疾？,607
2020-09-25 09:40:14,8,重庆市某机关食堂将肉价 18.5 元改为 185 元，176 斤菜报账变成 1776 斤，涉嫌什么犯罪？会受何处罚？,536
2020-09-25 09:40:14,9,为什么李诞火了，王建国却没有火？,443
2020-09-25 09:41:15,0,「我想要秋天的第一杯奶茶」是什么梗，为什么突然火了？反映了一种怎样的心理现象？,2420
2020-09-25 09:41:15,1,如何看待「男子烧炭自杀疑遭 PUA：每天给女友转账 666 元，不转会被罚」？,1937
2020-09-25 09:41:15,2,如何看待罗永浩表示 6 亿债务已还了 4 亿？他是如何做到的？6 亿债务具体如何欠下的？,1429
2020-09-25 09:41:15,3,如何看待《糖豆人》官方公开的糖豆人内部构造设定图？由此推测糖豆人具有怎样的生物学特征？,777
2020-09-25 09:41:15,4,有哪些特征一眼就会被看出是 iPhone 用户？,657
2020-09-25 09:41:15,5,在媳妇儿的强烈要求下 35 万买了宝马 320，觉得在宝马这个标上亏了 10 万，心态已崩，怎么缓解？,639
2020-09-25 09:41:15,6,港媒称乱港分子黄之锋被捕，他将受到怎样的法律制裁？后续发展会如何？,638
2020-09-25 09:41:15,7,如何看待小伙因身高不足 1 米 8 自卑，做断骨增高手术失败导致终身残疾？,607
2020-09-25 09:41:15,8,重庆市某机关食堂将肉价 18.5 元改为 185 元，176 斤菜报账变成 1776 斤，涉嫌什么犯罪？会受何处罚？,540
2020-09-25 09:41:15,9,为什么李诞火了，王建国却没有火？,445
2020-09-25 09:42:15,0,「我想要秋天的第一杯奶茶」是什么梗，为什么突然火了？反映了一种怎样的心理现象？,2418
2020-09-25 09:42:15,1,如何看待「男子烧炭自杀疑遭 PUA：每天给女友转账 666 元，不转会被罚」？,1954
2020-09-25 09:42:15,2,如何看待罗永浩表示 6 亿债务已还了 4 亿？他是如何做到的？6 亿债务具体如何欠下的？,1409
2020-09-25 09:42:15,3,如何看待《糖豆人》官方公开的糖豆人内部构造设定图？由此推测糖豆人具有怎样的生物学特征？,778
2020-09-25 09:42:15,4,有哪些特征一眼就会被看出是 iPhone 用户？,660
2020-09-25 09:42:15,5,在媳妇儿的强烈要求下 35 万买了宝马 320，觉得在宝马这个标上亏了 10 万，心态已崩，怎么缓解？,640
2020-09-25 09:42:15,6,港媒称乱港分子黄之锋被捕，他将受到怎样的法律制裁？后续发展会如何？,637
2020-09-25 09:42:15,7,如何看待小伙因身高不足 1 米 8 自卑，做断骨增高手术失败导致终身残疾？,607
2020-09-25 09:42:15,8,重庆市某机关食堂将肉价 18.5 元改为 185 元，176 斤菜报账变成 1776 斤，涉嫌什么犯罪？会受何处罚？,544
2020-09-25 09:42:15,9,为什么李诞火了，王建国却没有火？,447
2020-09-25 09:43:16,0,「我想要秋天的第一杯奶茶」是什么梗，为什么突然火了？反映了一种怎样的心理现象？,2418
2020-09-25 09:43:16,1,如何看待「男子烧炭自杀疑遭 PUA：每天给女友转账 666 元，不转会被罚」？,1954
2020-09-25 09:43:16,2,如何看待罗永浩表示 6 亿债务已还了 4 亿？他是如何做到的？6 亿债务具体如何欠下的？,1409
2020-09-25 09:43:16,3,如何看待《糖豆人》官方公开的糖豆人内部构造设定图？由此推测糖豆人具有怎样的生物学特征？,778
2020-09-25 09:43:16,4,有哪些特征一眼就会被看出是 iPhone 用户？,660
2020-09-25 09:43:16,5,在媳妇儿的强烈要求下 35 万买了宝马 320，觉得在宝马这个标上亏了 10 万，心态已崩，怎么缓解？,640
2020-09-25 09:43:16,6,港媒称乱港分子黄之锋被捕，他将受到怎样的法律制裁？后续发展会如何？,637
2020-09-25 09:43:16,7,如何看待小伙因身高不足 1 米 8 自卑，做断骨增高手术失败导致终身残疾？,607
2020-09-25 09:43:16,8,重庆市某机关食堂将肉价 18.5 元改为 185 元，176 斤菜报账变成 1776 斤，涉嫌什么犯罪？会受何处罚？,544
2020-09-25 09:43:16,9,为什么李诞火了，王建国却没有火？,447
2020-09-25 09:44:16,0,「我想要秋天的第一杯奶茶」是什么梗，为什么突然火了？反映了一种怎样的心理现象？,2419
2020-09-25 09:44:16,1,如何看待「男子烧炭自杀疑遭 PUA：每天给女友转账 666 元，不转会被罚」？,1960
2020-09-25 09:44:16,2,如何看待罗永浩表示 6 亿债务已还了 4 亿？他是如何做到的？6 亿债务具体如何欠下的？,1387
2020-09-25 09:44:16,3,如何看待《糖豆人》官方公开的糖豆人内部构造设定图？由此推测糖豆人具有怎样的生物学特征？,778
2020-09-25 09:44:16,4,有哪些特征一眼就会被看出是 iPhone 用户？,663
2020-09-25 09:44:16,5,在媳妇儿的强烈要求下 35 万买了宝马 320，觉得在宝马这个标上亏了 10 万，心态已崩，怎么缓解？,644
2020-09-25 09:44:16,6,港媒称乱港分子黄之锋被捕，他将受到怎样的法律制裁？后续发展会如何？,636
2020-09-25 09:44:16,7,如何看待小伙因身高不足 1 米 8 自卑，做断骨增高手术失败导致终身残疾？,607
2020-09-25 09:44:16,8,重庆市某机关食堂将肉价 18.5 元改为 185 元，176 斤菜报账变成 1776 斤，涉嫌什么犯罪？会受何处罚？,548
2020-09-25 09:44:16,9,为什么李诞火了，王建国却没有火？,449
2020-09-25 09:45:19,0,「我想要秋天的第一杯奶茶」是什么梗，为什么突然火了？反映了一种怎样的心理现象？,2418
2020-09-25 09:45:19,1,如何看待「男子烧炭自杀疑遭 PUA：每天给女友转账 666 元，不转会被罚」？,1968
2020-09-25 09:45:19,2,如何看待罗永浩表示 6 亿债务已还了 4 亿？他是如何做到的？6 亿债务具体如何欠下的？,1367
2020-09-25 09:45:19,3,如何看待《糖豆人》官方公开的糖豆人内部构造设定图？由此推测糖豆人具有怎样的生物学特征？,778
2020-09-25 09:45:19,4,有哪些特征一眼就会被看出是 iPhone 用户？,664
2020-09-25 09:45:19,5,在媳妇儿的强烈要求下 35 万买了宝马 320，觉得在宝马这个标上亏了 10 万，心态已崩，怎么缓解？,648
2020-09-25 09:45:19,6,港媒称乱港分子黄之锋被捕，他将受到怎样的法律制裁？后续发展会如何？,636
2020-09-25 09:45:19,7,如何看待小伙因身高不足 1 米 8 自卑，做断骨增高手术失败导致终身残疾？,608
2020-09-25 09:45:19,8,重庆市某机关食堂将肉价 18.5 元改为 185 元，176 斤菜报账变成 1776 斤，涉嫌什么犯罪？会受何处罚？,551
2020-09-25 09:45:19,9,为什么李诞火了，王建国却没有火？,450
2020-09-25 09:46:20,0,「我想要秋天的第一杯奶茶」是什么梗，为什么突然火了？反映了一种怎样的心理现象？,2423
2020-09-25 09:46:20,1,如何看待「男子烧炭自杀疑遭 PUA：每天给女友转账 666 元，不转会被罚」？,1978
2020-09-25 09:46:20,2,如何看待罗永浩表示 6 亿债务已还了 4 亿？他是如何做到的？6 亿债务具体如何欠下的？,1347
2020-09-25 09:46:20,3,如何看待《糖豆人》官方公开的糖豆人内部构造设定图？由此推测糖豆人具有怎样的生物学特征？,780
2020-09-25 09:46:20,4,有哪些特征一眼就会被看出是 iPhone 用户？,666
2020-09-25 09:46:20,5,在媳妇儿的强烈要求下 35 万买了宝马 320，觉得在宝马这个标上亏了 10 万，心态已崩，怎么缓解？,652
2020-09-25 09:46:20,6,港媒称乱港分子黄之锋被捕，他将受到怎样的法律制裁？后续发展会如何？,634
2020-09-25 09:46:20,7,如何看待小伙因身高不足 1 米 8 自卑，做断骨增高手术失败导致终身残疾？,607
2020-09-25 09:46:20,8,重庆市某机关食堂将肉价 18.5 元改为 185 元，176 斤菜报账变成 1776 斤，涉嫌什么犯罪？会受何处罚？,555
2020-09-25 09:46:20,9,为什么李诞火了，王建国却没有火？,452
2020-09-25 09:47:23,0,「我想要秋天的第一杯奶茶」是什么梗，为什么突然火了？反映了一种怎样的心理现象？,2423
2020-09-25 09:47:23,1,如何看待「男子烧炭自杀疑遭 PUA：每天给女友转账 666 元，不转会被罚」？,1978
2020-09-25 09:47:23,2,如何看待罗永浩表示 6 亿债务已还了 4 亿？他是如何做到的？6 亿债务具体如何欠下的？,1347
2020-09-25 09:47:23,3,如何看待《糖豆人》官方公开的糖豆人内部构造设定图？由此推测糖豆人具有怎样的生物学特征？,780
2020-09-25 09:47:23,4,有哪些特征一眼就会被看出是 iPhone 用户？,666
2020-09-25 09:47:23,5,在媳妇儿的强烈要求下 35 万买了宝马 320，觉得在宝马这个标上亏了 10 万，心态已崩，怎么缓解？,652
2020-09-25 09:47:23,6,港媒称乱港分子黄之锋被捕，他将受到怎样的法律制裁？后续发展会如何？,634
2020-09-25 09:47:23,7,如何看待小伙因身高不足 1 米 8 自卑，做断骨增高手术失败导致终身残疾？,607
2020-09-25 09:47:23,8,重庆市某机关食堂将肉价 18.5 元改为 185 元，176 斤菜报账变成 1776 斤，涉嫌什么犯罪？会受何处罚？,555
2020-09-25 09:47:23,9,为什么李诞火了，王建国却没有火？,452
2020-09-25 09:48:23,0,「我想要秋天的第一杯奶茶」是什么梗，为什么突然火了？反映了一种怎样的心理现象？,2423
2020-09-25 09:48:23,1,如何看待「男子烧炭自杀疑遭 PUA：每天给女友转账 666 元，不转会被罚」？,1989
2020-09-25 09:48:23,2,如何看待罗永浩表示 6 亿债务已还了 4 亿？他是如何做到的？6 亿债务具体如何欠下的？,1330
2020-09-25 09:48:24,3,如何看待《糖豆人》官方公开的糖豆人内部构造设定图？由此推测糖豆人具有怎样的生物学特征？,785
2020-09-25 09:48:24,4,有哪些特征一眼就会被看出是 iPhone 用户？,667
2020-09-25 09:48:24,5,在媳妇儿的强烈要求下 35 万买了宝马 320，觉得在宝马这个标上亏了 10 万，心态已崩，怎么缓解？,655
2020-09-25 09:48:24,6,港媒称乱港分子黄之锋被捕，他将受到怎样的法律制裁？后续发展会如何？,633
2020-09-25 09:48:24,7,如何看待小伙因身高不足 1 米 8 自卑，做断骨增高手术失败导致终身残疾？,607
2020-09-25 09:48:24,8,重庆市某机关食堂将肉价 18.5 元改为 185 元，176 斤菜报账变成 1776 斤，涉嫌什么犯罪？会受何处罚？,559
2020-09-25 09:48:24,9,为什么李诞火了，王建国却没有火？,456
2020-09-25 09:49:24,0,「我想要秋天的第一杯奶茶」是什么梗，为什么突然火了？反映了一种怎样的心理现象？,2423
2020-09-25 09:49:24,1,如何看待「男子烧炭自杀疑遭 PUA：每天给女友转账 666 元，不转会被罚」？,1998
2020-09-25 09:49:24,2,如何看待罗永浩表示 6 亿债务已还了 4 亿？他是如何做到的？6 亿债务具体如何欠下的？,1306
2020-09-25 09:49:24,3,如何看待《糖豆人》官方公开的糖豆人内部构造设定图？由此推测糖豆人具有怎样的生物学特征？,787
2020-09-25 09:49:24,4,有哪些特征一眼就会被看出是 iPhone 用户？,668
2020-09-25 09:49:24,5,在媳妇儿的强烈要求下 35 万买了宝马 320，觉得在宝马这个标上亏了 10 万，心态已崩，怎么缓解？,658
2020-09-25 09:49:24,6,港媒称乱港分子黄之锋被捕，他将受到怎样的法律制裁？后续发展会如何？,632
2020-09-25 09:49:24,7,如何看待小伙因身高不足 1 米 8 自卑，做断骨增高手术失败导致终身残疾？,607
2020-09-25 09:49:24,8,重庆市某机关食堂将肉价 18.5 元改为 185 元，176 斤菜报账变成 1776 斤，涉嫌什么犯罪？会受何处罚？,562
2020-09-25 09:49:24,9,为什么李诞火了，王建国却没有火？,456
2020-09-25 09:50:24,0,「我想要秋天的第一杯奶茶」是什么梗，为什么突然火了？反映了一种怎样的心理现象？,2423
2020-09-25 09:50:24,1,如何看待「男子烧炭自杀疑遭 PUA：每天给女友转账 666 元，不转会被罚」？,1998
2020-09-25 09:50:24,2,如何看待罗永浩表示 6 亿债务已还了 4 亿？他是如何做到的？6 亿债务具体如何欠下的？,1306
2020-09-25 09:50:24,3,如何看待《糖豆人》官方公开的糖豆人内部构造设定图？由此推测糖豆人具有怎样的生物学特征？,787
2020-09-25 09:50:24,4,有哪些特征一眼就会被看出是 iPhone 用户？,668
2020-09-25 09:50:24,5,在媳妇儿的强烈要求下 35 万买了宝马 320，觉得在宝马这个标上亏了 10 万，心态已崩，怎么缓解？,658
2020-09-25 09:50:24,6,港媒称乱港分子黄之锋被捕，他将受到怎样的法律制裁？后续发展会如何？,632
2020-09-25 09:50:24,7,如何看待小伙因身高不足 1 米 8 自卑，做断骨增高手术失败导致终身残疾？,607
2020-09-25 09:50:24,8,重庆市某机关食堂将肉价 18.5 元改为 185 元，176 斤菜报账变成 1776 斤，涉嫌什么犯罪？会受何处罚？,562
2020-09-25 09:50:24,9,为什么李诞火了，王建国却没有火？,456
2020-09-25 09:51:25,0,「我想要秋天的第一杯奶茶」是什么梗，为什么突然火了？反映了一种怎样的心理现象？,2427
2020-09-25 09:51:25,1,如何看待「男子烧炭自杀疑遭 PUA：每天给女友转账 666 元，不转会被罚」？,2006
2020-09-25 09:51:25,2,如何看待罗永浩表示 6 亿债务已还了 4 亿？他是如何做到的？6 亿债务具体如何欠下的？,1291
2020-09-25 09:51:25,3,如何看待《糖豆人》官方公开的糖豆人内部构造设定图？由此推测糖豆人具有怎样的生物学特征？,787
2020-09-25 09:51:25,4,有哪些特征一眼就会被看出是 iPhone 用户？,669
2020-09-25 09:51:25,5,在媳妇儿的强烈要求下 35 万买了宝马 320，觉得在宝马这个标上亏了 10 万，心态已崩，怎么缓解？,660
2020-09-25 09:51:25,6,港媒称乱港分子黄之锋被捕，他将受到怎样的法律制裁？后续发展会如何？,631
2020-09-25 09:51:25,7,如何看待小伙因身高不足 1 米 8 自卑，做断骨增高手术失败导致终身残疾？,607
2020-09-25 09:51:25,8,重庆市某机关食堂将肉价 18.5 元改为 185 元，176 斤菜报账变成 1776 斤，涉嫌什么犯罪？会受何处罚？,565
2020-09-25 09:51:25,9,为什么李诞火了，王建国却没有火？,457
2020-09-25 09:52:25,0,「我想要秋天的第一杯奶茶」是什么梗，为什么突然火了？反映了一种怎样的心理现象？,2425
2020-09-25 09:52:25,1,如何看待「男子烧炭自杀疑遭 PUA：每天给女友转账 666 元，不转会被罚」？,2017
2020-09-25 09:52:25,2,如何看待罗永浩表示 6 亿债务已还了 4 亿？他是如何做到的？6 亿债务具体如何欠下的？,1267
2020-09-25 09:52:25,3,如何看待《糖豆人》官方公开的糖豆人内部构造设定图？由此推测糖豆人具有怎样的生物学特征？,789
2020-09-25 09:52:25,4,有哪些特征一眼就会被看出是 iPhone 用户？,670
2020-09-25 09:52:25,5,在媳妇儿的强烈要求下 35 万买了宝马 320，觉得在宝马这个标上亏了 10 万，心态已崩，怎么缓解？,663
2020-09-25 09:52:25,6,港媒称乱港分子黄之锋被捕，他将受到怎样的法律制裁？后续发展会如何？,631
2020-09-25 09:52:25,7,如何看待小伙因身高不足 1 米 8 自卑，做断骨增高手术失败导致终身残疾？,607
2020-09-25 09:52:25,8,重庆市某机关食堂将肉价 18.5 元改为 185 元，176 斤菜报账变成 1776 斤，涉嫌什么犯罪？会受何处罚？,568
2020-09-25 09:52:25,9,为什么李诞火了，王建国却没有火？,458
2020-09-25 09:53:25,0,「我想要秋天的第一杯奶茶」是什么梗，为什么突然火了？反映了一种怎样的心理现象？,2425
2020-09-25 09:53:25,1,如何看待「男子烧炭自杀疑遭 PUA：每天给女友转账 666 元，不转会被罚」？,2017
2020-09-25 09:53:25,2,如何看待罗永浩表示 6 亿债务已还了 4 亿？他是如何做到的？6 亿债务具体如何欠下的？,1267
2020-09-25 09:53:25,3,如何看待《糖豆人》官方公开的糖豆人内部构造设定图？由此推测糖豆人具有怎样的生物学特征？,789
2020-09-25 09:53:25,4,有哪些特征一眼就会被看出是 iPhone 用户？,670
2020-09-25 09:53:25,5,在媳妇儿的强烈要求下 35 万买了宝马 320，觉得在宝马这个标上亏了 10 万，心态已崩，怎么缓解？,663
2020-09-25 09:53:25,6,港媒称乱港分子黄之锋被捕，他将受到怎样的法律制裁？后续发展会如何？,631
2020-09-25 09:53:25,7,如何看待小伙因身高不足 1 米 8 自卑，做断骨增高手术失败导致终身残疾？,607
2020-09-25 09:53:25,8,重庆市某机关食堂将肉价 18.5 元改为 185 元，176 斤菜报账变成 1776 斤，涉嫌什么犯罪？会受何处罚？,568
2020-09-25 09:53:25,9,为什么李诞火了，王建国却没有火？,458
2020-09-25 09:54:26,0,「我想要秋天的第一杯奶茶」是什么梗，为什么突然火了？反映了一种怎样的心理现象？,2426
2020-09-25 09:54:26,1,如何看待「男子烧炭自杀疑遭 PUA：每天给女友转账 666 元，不转会被罚」？,2028
2020-09-25 09:54:26,2,如何看待罗永浩表示 6 亿债务已还了 4 亿？他是如何做到的？6 亿债务具体如何欠下的？,1249
2020-09-25 09:54:26,3,如何看待《糖豆人》官方公开的糖豆人内部构造设定图？由此推测糖豆人具有怎样的生物学特征？,791
2020-09-25 09:54:26,4,有哪些特征一眼就会被看出是 iPhone 用户？,672
2020-09-25 09:54:26,5,在媳妇儿的强烈要求下 35 万买了宝马 320，觉得在宝马这个标上亏了 10 万，心态已崩，怎么缓解？,667
2020-09-25 09:54:26,6,港媒称乱港分子黄之锋被捕，他将受到怎样的法律制裁？后续发展会如何？,630
2020-09-25 09:54:26,7,如何看待小伙因身高不足 1 米 8 自卑，做断骨增高手术失败导致终身残疾？,608
2020-09-25 09:54:26,8,重庆市某机关食堂将肉价 18.5 元改为 185 元，176 斤菜报账变成 1776 斤，涉嫌什么犯罪？会受何处罚？,572
2020-09-25 09:54:26,9,为什么李诞火了，王建国却没有火？,460
2020-09-25 09:55:27,0,「我想要秋天的第一杯奶茶」是什么梗，为什么突然火了？反映了一种怎样的心理现象？,2425
2020-09-25 09:55:27,1,如何看待「男子烧炭自杀疑遭 PUA：每天给女友转账 666 元，不转会被罚」？,2037
2020-09-25 09:55:27,2,如何看待罗永浩表示 6 亿债务已还了 4 亿？他是如何做到的？6 亿债务具体如何欠下的？,1232
2020-09-25 09:55:27,3,如何看待《糖豆人》官方公开的糖豆人内部构造设定图？由此推测糖豆人具有怎样的生物学特征？,791
2020-09-25 09:55:27,4,有哪些特征一眼就会被看出是 iPhone 用户？,671
2020-09-25 09:55:27,5,在媳妇儿的强烈要求下 35 万买了宝马 320，觉得在宝马这个标上亏了 10 万，心态已崩，怎么缓解？,668
2020-09-25 09:55:27,6,港媒称乱港分子黄之锋被捕，他将受到怎样的法律制裁？后续发展会如何？,629
2020-09-25 09:55:27,7,如何看待小伙因身高不足 1 米 8 自卑，做断骨增高手术失败导致终身残疾？,607
2020-09-25 09:55:27,8,重庆市某机关食堂将肉价 18.5 元改为 185 元，176 斤菜报账变成 1776 斤，涉嫌什么犯罪？会受何处罚？,575
2020-09-25 09:55:27,9,为什么李诞火了，王建国却没有火？,461
2020-09-25 09:56:27,0,「我想要秋天的第一杯奶茶」是什么梗，为什么突然火了？反映了一种怎样的心理现象？,2425
2020-09-25 09:56:27,1,如何看待「男子烧炭自杀疑遭 PUA：每天给女友转账 666 元，不转会被罚」？,2037
2020-09-25 09:56:27,2,如何看待罗永浩表示 6 亿债务已还了 4 亿？他是如何做到的？6 亿债务具体如何欠下的？,1232
2020-09-25 09:56:27,3,如何看待《糖豆人》官方公开的糖豆人内部构造设定图？由此推测糖豆人具有怎样的生物学特征？,791
2020-09-25 09:56:27,4,有哪些特征一眼就会被看出是 iPhone 用户？,671
2020-09-25 09:56:27,5,在媳妇儿的强烈要求下 35 万买了宝马 320，觉得在宝马这个标上亏了 10 万，心态已崩，怎么缓解？,668
2020-09-25 09:56:27,6,港媒称乱港分子黄之锋被捕，他将受到怎样的法律制裁？后续发展会如何？,629
2020-09-25 09:56:27,7,如何看待小伙因身高不足 1 米 8 自卑，做断骨增高手术失败导致终身残疾？,607
2020-09-25 09:56:27,8,重庆市某机关食堂将肉价 18.5 元改为 185 元，176 斤菜报账变成 1776 斤，涉嫌什么犯罪？会受何处罚？,575
2020-09-25 09:56:27,9,为什么李诞火了，王建国却没有火？,461
2020-09-25 09:57:27,0,「我想要秋天的第一杯奶茶」是什么梗，为什么突然火了？反映了一种怎样的心理现象？,2425
2020-09-25 09:57:27,1,如何看待「男子烧炭自杀疑遭 PUA：每天给女友转账 666 元，不转会被罚」？,2043
2020-09-25 09:57:27,2,如何看待罗永浩表示 6 亿债务已还了 4 亿？他是如何做到的？6 亿债务具体如何欠下的？,1211
2020-09-25 09:57:27,3,如何看待《糖豆人》官方公开的糖豆人内部构造设定图？由此推测糖豆人具有怎样的生物学特征？,791
2020-09-25 09:57:27,4,有哪些特征一眼就会被看出是 iPhone 用户？,672
2020-09-25 09:57:27,5,在媳妇儿的强烈要求下 35 万买了宝马 320，觉得在宝马这个标上亏了 10 万，心态已崩，怎么缓解？,670
2020-09-25 09:57:27,6,港媒称乱港分子黄之锋被捕，他将受到怎样的法律制裁？后续发展会如何？,628
2020-09-25 09:57:27,7,如何看待小伙因身高不足 1 米 8 自卑，做断骨增高手术失败导致终身残疾？,606
2020-09-25 09:57:27,8,重庆市某机关食堂将肉价 18.5 元改为 185 元，176 斤菜报账变成 1776 斤，涉嫌什么犯罪？会受何处罚？,578
2020-09-25 09:57:27,9,为什么李诞火了，王建国却没有火？,464
2020-09-25 09:58:28,0,「我想要秋天的第一杯奶茶」是什么梗，为什么突然火了？反映了一种怎样的心理现象？,2424
2020-09-25 09:58:28,1,如何看待「男子烧炭自杀疑遭 PUA：每天给女友转账 666 元，不转会被罚」？,2051
2020-09-25 09:58:28,2,如何看待罗永浩表示 6 亿债务已还了 4 亿？他是如何做到的？6 亿债务具体如何欠下的？,1194
2020-09-25 09:58:28,3,如何看待《糖豆人》官方公开的糖豆人内部构造设定图？由此推测糖豆人具有怎样的生物学特征？,790
2020-09-25 09:58:28,4,有哪些特征一眼就会被看出是 iPhone 用户？,673
2020-09-25 09:58:28,5,在媳妇儿的强烈要求下 35 万买了宝马 320，觉得在宝马这个标上亏了 10 万，心态已崩，怎么缓解？,672
2020-09-25 09:58:28,6,港媒称乱港分子黄之锋被捕，他将受到怎样的法律制裁？后续发展会如何？,627
2020-09-25 09:58:28,7,如何看待小伙因身高不足 1 米 8 自卑，做断骨增高手术失败导致终身残疾？,607
2020-09-25 09:58:28,8,重庆市某机关食堂将肉价 18.5 元改为 185 元，176 斤菜报账变成 1776 斤，涉嫌什么犯罪？会受何处罚？,581
2020-09-25 09:58:28,9,为什么李诞火了，王建国却没有火？,464
2020-09-25 09:59:29,0,「我想要秋天的第一杯奶茶」是什么梗，为什么突然火了？反映了一种怎样的心理现象？,2424
2020-09-25 09:59:29,1,如何看待「男子烧炭自杀疑遭 PUA：每天给女友转账 666 元，不转会被罚」？,2051
2020-09-25 09:59:29,2,如何看待罗永浩表示 6 亿债务已还了 4 亿？他是如何做到的？6 亿债务具体如何欠下的？,1194
2020-09-25 09:59:29,3,如何看待《糖豆人》官方公开的糖豆人内部构造设定图？由此推测糖豆人具有怎样的生物学特征？,790
2020-09-25 09:59:29,4,有哪些特征一眼就会被看出是 iPhone 用户？,673
2020-09-25 09:59:29,5,在媳妇儿的强烈要求下 35 万买了宝马 320，觉得在宝马这个标上亏了 10 万，心态已崩，怎么缓解？,672
2020-09-25 09:59:29,6,港媒称乱港分子黄之锋被捕，他将受到怎样的法律制裁？后续发展会如何？,627
2020-09-25 09:59:29,7,如何看待小伙因身高不足 1 米 8 自卑，做断骨增高手术失败导致终身残疾？,607
2020-09-25 09:59:29,8,重庆市某机关食堂将肉价 18.5 元改为 185 元，176 斤菜报账变成 1776 斤，涉嫌什么犯罪？会受何处罚？,581
2020-09-25 09:59:29,9,为什么李诞火了，王建国却没有火？,464
2020-09-25 10:00:29,0,「我想要秋天的第一杯奶茶」是什么梗，为什么突然火了？反映了一种怎样的心理现象？,2419
2020-09-25 10:00:29,1,如何看待「男子烧炭自杀疑遭 PUA：每天给女友转账 666 元，不转会被罚」？,2058
2020-09-25 10:00:29,2,如何看待罗永浩表示 6 亿债务已还了 4 亿？他是如何做到的？6 亿债务具体如何欠下的？,1174
2020-09-25 10:00:29,3,如何看待《糖豆人》官方公开的糖豆人内部构造设定图？由此推测糖豆人具有怎样的生物学特征？,791
2020-09-25 10:00:29,4,有哪些特征一眼就会被看出是 iPhone 用户？,674
2020-09-25 10:00:29,5,在媳妇儿的强烈要求下 35 万买了宝马 320，觉得在宝马这个标上亏了 10 万，心态已崩，怎么缓解？,673
2020-09-25 10:00:29,6,港媒称乱港分子黄之锋被捕，他将受到怎样的法律制裁？后续发展会如何？,627
2020-09-25 10:00:29,7,如何看待小伙因身高不足 1 米 8 自卑，做断骨增高手术失败导致终身残疾？,606
2020-09-25 10:00:29,8,重庆市某机关食堂将肉价 18.5 元改为 185 元，176 斤菜报账变成 1776 斤，涉嫌什么犯罪？会受何处罚？,584
2020-09-25 10:00:29,9,为什么李诞火了，王建国却没有火？,466
2020-09-25 10:01:30,0,「我想要秋天的第一杯奶茶」是什么梗，为什么突然火了？反映了一种怎样的心理现象？,2414
2020-09-25 10:01:30,1,如何看待「男子烧炭自杀疑遭 PUA：每天给女友转账 666 元，不转会被罚」？,2067
2020-09-25 10:01:30,2,如何看待罗永浩表示 6 亿债务已还了 4 亿？他是如何做到的？6 亿债务具体如何欠下的？,1154
2020-09-25 10:01:30,3,如何看待《糖豆人》官方公开的糖豆人内部构造设定图？由此推测糖豆人具有怎样的生物学特征？,792
2020-09-25 10:01:30,4,在媳妇儿的强烈要求下 35 万买了宝马 320，觉得在宝马这个标上亏了 10 万，心态已崩，怎么缓解？,676
2020-09-25 10:01:30,5,有哪些特征一眼就会被看出是 iPhone 用户？,675
2020-09-25 10:01:30,6,港媒称乱港分子黄之锋被捕，他将受到怎样的法律制裁？后续发展会如何？,625
2020-09-25 10:01:30,7,如何看待小伙因身高不足 1 米 8 自卑，做断骨增高手术失败导致终身残疾？,606
2020-09-25 10:01:30,8,重庆市某机关食堂将肉价 18.5 元改为 185 元，176 斤菜报账变成 1776 斤，涉嫌什么犯罪？会受何处罚？,586
2020-09-25 10:01:30,9,为什么李诞火了，王建国却没有火？,468
2020-09-25 10:02:30,0,「我想要秋天的第一杯奶茶」是什么梗，为什么突然火了？反映了一种怎样的心理现象？,2414
2020-09-25 10:02:30,1,如何看待「男子烧炭自杀疑遭 PUA：每天给女友转账 666 元，不转会被罚」？,2067
2020-09-25 10:02:30,2,如何看待罗永浩表示 6 亿债务已还了 4 亿？他是如何做到的？6 亿债务具体如何欠下的？,1154
2020-09-25 10:02:30,3,如何看待《糖豆人》官方公开的糖豆人内部构造设定图？由此推测糖豆人具有怎样的生物学特征？,792
2020-09-25 10:02:30,4,在媳妇儿的强烈要求下 35 万买了宝马 320，觉得在宝马这个标上亏了 10 万，心态已崩，怎么缓解？,676
2020-09-25 10:02:30,5,有哪些特征一眼就会被看出是 iPhone 用户？,675
2020-09-25 10:02:30,6,港媒称乱港分子黄之锋被捕，他将受到怎样的法律制裁？后续发展会如何？,625
2020-09-25 10:02:30,7,如何看待小伙因身高不足 1 米 8 自卑，做断骨增高手术失败导致终身残疾？,606
2020-09-25 10:02:30,8,重庆市某机关食堂将肉价 18.5 元改为 185 元，176 斤菜报账变成 1776 斤，涉嫌什么犯罪？会受何处罚？,586
2020-09-25 10:02:30,9,为什么李诞火了，王建国却没有火？,468
2020-09-25 10:03:30,0,「我想要秋天的第一杯奶茶」是什么梗，为什么突然火了？反映了一种怎样的心理现象？,2414
2020-09-25 10:03:30,1,如何看待「男子烧炭自杀疑遭 PUA：每天给女友转账 666 元，不转会被罚」？,2078
2020-09-25 10:03:30,2,如何看待罗永浩表示 6 亿债务已还了 4 亿？他是如何做到的？6 亿债务具体如何欠下的？,1130
2020-09-25 10:03:30,3,如何看待《糖豆人》官方公开的糖豆人内部构造设定图？由此推测糖豆人具有怎样的生物学特征？,792
2020-09-25 10:03:30,4,在媳妇儿的强烈要求下 35 万买了宝马 320，觉得在宝马这个标上亏了 10 万，心态已崩，怎么缓解？,679
2020-09-25 10:03:30,5,有哪些特征一眼就会被看出是 iPhone 用户？,676
2020-09-25 10:03:30,6,港媒称乱港分子黄之锋被捕，他将受到怎样的法律制裁？后续发展会如何？,625
2020-09-25 10:03:30,7,如何看待小伙因身高不足 1 米 8 自卑，做断骨增高手术失败导致终身残疾？,606
2020-09-25 10:03:30,8,重庆市某机关食堂将肉价 18.5 元改为 185 元，176 斤菜报账变成 1776 斤，涉嫌什么犯罪？会受何处罚？,589
2020-09-25 10:03:30,9,为什么李诞火了，王建国却没有火？,469
2020-09-25 10:04:31,0,「我想要秋天的第一杯奶茶」是什么梗，为什么突然火了？反映了一种怎样的心理现象？,2415
2020-09-25 10:04:31,1,如何看待「男子烧炭自杀疑遭 PUA：每天给女友转账 666 元，不转会被罚」？,2088
2020-09-25 10:04:31,2,如何看待罗永浩表示 6 亿债务已还了 4 亿？他是如何做到的？6 亿债务具体如何欠下的？,1109
2020-09-25 10:04:31,3,如何看待《糖豆人》官方公开的糖豆人内部构造设定图？由此推测糖豆人具有怎样的生物学特征？,794
2020-09-25 10:04:31,4,在媳妇儿的强烈要求下 35 万买了宝马 320，觉得在宝马这个标上亏了 10 万，心态已崩，怎么缓解？,681
2020-09-25 10:04:31,5,有哪些特征一眼就会被看出是 iPhone 用户？,676
2020-09-25 10:04:31,6,港媒称乱港分子黄之锋被捕，他将受到怎样的法律制裁？后续发展会如何？,623
2020-09-25 10:04:31,7,如何看待小伙因身高不足 1 米 8 自卑，做断骨增高手术失败导致终身残疾？,606
2020-09-25 10:04:31,8,重庆市某机关食堂将肉价 18.5 元改为 185 元，176 斤菜报账变成 1776 斤，涉嫌什么犯罪？会受何处罚？,592
2020-09-25 10:04:31,9,为什么李诞火了，王建国却没有火？,471
2020-09-25 10:05:31,0,「我想要秋天的第一杯奶茶」是什么梗，为什么突然火了？反映了一种怎样的心理现象？,2415
2020-09-25 10:05:31,1,如何看待「男子烧炭自杀疑遭 PUA：每天给女友转账 666 元，不转会被罚」？,2088
2020-09-25 10:05:31,2,如何看待罗永浩表示 6 亿债务已还了 4 亿？他是如何做到的？6 亿债务具体如何欠下的？,1109
2020-09-25 10:05:31,3,如何看待《糖豆人》官方公开的糖豆人内部构造设定图？由此推测糖豆人具有怎样的生物学特征？,794
2020-09-25 10:05:31,4,在媳妇儿的强烈要求下 35 万买了宝马 320，觉得在宝马这个标上亏了 10 万，心态已崩，怎么缓解？,681
2020-09-25 10:05:31,5,有哪些特征一眼就会被看出是 iPhone 用户？,676
2020-09-25 10:05:31,6,港媒称乱港分子黄之锋被捕，他将受到怎样的法律制裁？后续发展会如何？,623
2020-09-25 10:05:31,7,如何看待小伙因身高不足 1 米 8 自卑，做断骨增高手术失败导致终身残疾？,606
2020-09-25 10:05:31,8,重庆市某机关食堂将肉价 18.5 元改为 185 元，176 斤菜报账变成 1776 斤，涉嫌什么犯罪？会受何处罚？,592
2020-09-25 10:05:31,9,为什么李诞火了，王建国却没有火？,471
2020-09-25 10:06:32,0,「我想要秋天的第一杯奶茶」是什么梗，为什么突然火了？反映了一种怎样的心理现象？,2418
2020-09-25 10:06:32,1,如何看待「男子烧炭自杀疑遭 PUA：每天给女友转账 666 元，不转会被罚」？,2094
2020-09-25 10:06:32,2,如何看待罗永浩表示 6 亿债务已还了 4 亿？他是如何做到的？6 亿债务具体如何欠下的？,1084
2020-09-25 10:06:32,3,如何看待《糖豆人》官方公开的糖豆人内部构造设定图？由此推测糖豆人具有怎样的生物学特征？,796
2020-09-25 10:06:32,4,在媳妇儿的强烈要求下 35 万买了宝马 320，觉得在宝马这个标上亏了 10 万，心态已崩，怎么缓解？,684
2020-09-25 10:06:32,5,有哪些特征一眼就会被看出是 iPhone 用户？,676
2020-09-25 10:06:32,6,港媒称乱港分子黄之锋被捕，他将受到怎样的法律制裁？后续发展会如何？,622
2020-09-25 10:06:32,7,如何看待小伙因身高不足 1 米 8 自卑，做断骨增高手术失败导致终身残疾？,605
2020-09-25 10:06:32,8,重庆市某机关食堂将肉价 18.5 元改为 185 元，176 斤菜报账变成 1776 斤，涉嫌什么犯罪？会受何处罚？,595
2020-09-25 10:06:32,9,为什么李诞火了，王建国却没有火？,472
2020-09-25 10:07:32,0,「我想要秋天的第一杯奶茶」是什么梗，为什么突然火了？反映了一种怎样的心理现象？,2419
2020-09-25 10:07:32,1,如何看待「男子烧炭自杀疑遭 PUA：每天给女友转账 666 元，不转会被罚」？,2102
2020-09-25 10:07:32,2,如何看待罗永浩表示 6 亿债务已还了 4 亿？他是如何做到的？6 亿债务具体如何欠下的？,1073
2020-09-25 10:07:32,3,如何看待《糖豆人》官方公开的糖豆人内部构造设定图？由此推测糖豆人具有怎样的生物学特征？,797
2020-09-25 10:07:32,4,在媳妇儿的强烈要求下 35 万买了宝马 320，觉得在宝马这个标上亏了 10 万，心态已崩，怎么缓解？,686
2020-09-25 10:07:32,5,有哪些特征一眼就会被看出是 iPhone 用户？,678
2020-09-25 10:07:32,6,港媒称乱港分子黄之锋被捕，他将受到怎样的法律制裁？后续发展会如何？,621
2020-09-25 10:07:32,7,如何看待小伙因身高不足 1 米 8 自卑，做断骨增高手术失败导致终身残疾？,605
2020-09-25 10:07:32,8,重庆市某机关食堂将肉价 18.5 元改为 185 元，176 斤菜报账变成 1776 斤，涉嫌什么犯罪？会受何处罚？,598
2020-09-25 10:07:32,9,为什么李诞火了，王建国却没有火？,473
2020-09-25 10:08:33,0,「我想要秋天的第一杯奶茶」是什么梗，为什么突然火了？反映了一种怎样的心理现象？,2419
2020-09-25 10:08:33,1,如何看待「男子烧炭自杀疑遭 PUA：每天给女友转账 666 元，不转会被罚」？,2102
2020-09-25 10:08:33,2,如何看待罗永浩表示 6 亿债务已还了 4 亿？他是如何做到的？6 亿债务具体如何欠下的？,1073
2020-09-25 10:08:33,3,如何看待《糖豆人》官方公开的糖豆人内部构造设定图？由此推测糖豆人具有怎样的生物学特征？,797
2020-09-25 10:08:33,4,在媳妇儿的强烈要求下 35 万买了宝马 320，觉得在宝马这个标上亏了 10 万，心态已崩，怎么缓解？,686
2020-09-25 10:08:33,5,有哪些特征一眼就会被看出是 iPhone 用户？,678
2020-09-25 10:08:33,6,港媒称乱港分子黄之锋被捕，他将受到怎样的法律制裁？后续发展会如何？,621
2020-09-25 10:08:33,7,如何看待小伙因身高不足 1 米 8 自卑，做断骨增高手术失败导致终身残疾？,605
2020-09-25 10:08:33,8,重庆市某机关食堂将肉价 18.5 元改为 185 元，176 斤菜报账变成 1776 斤，涉嫌什么犯罪？会受何处罚？,598
2020-09-25 10:08:33,9,为什么李诞火了，王建国却没有火？,473
2020-09-25 10:09:33,0,「我想要秋天的第一杯奶茶」是什么梗，为什么突然火了？反映了一种怎样的心理现象？,2423
2020-09-25 10:09:33,1,如何看待「男子烧炭自杀疑遭 PUA：每天给女友转账 666 元，不转会被罚」？,2110
2020-09-25 10:09:33,2,如何看待罗永浩表示 6 亿债务已还了 4 亿？他是如何做到的？6 亿债务具体如何欠下的？,1053
2020-09-25 10:09:33,3,如何看待《糖豆人》官方公开的糖豆人内部构造设定图？由此推测糖豆人具有怎样的生物学特征？,799
2020-09-25 10:09:33,4,在媳妇儿的强烈要求下 35 万买了宝马 320，觉得在宝马这个标上亏了 10 万，心态已崩，怎么缓解？,688
2020-09-25 10:09:33,5,有哪些特征一眼就会被看出是 iPhone 用户？,680
2020-09-25 10:09:33,6,港媒称乱港分子黄之锋被捕，他将受到怎样的法律制裁？后续发展会如何？,620
2020-09-25 10:09:33,7,如何看待小伙因身高不足 1 米 8 自卑，做断骨增高手术失败导致终身残疾？,606
2020-09-25 10:09:33,8,重庆市某机关食堂将肉价 18.5 元改为 185 元，176 斤菜报账变成 1776 斤，涉嫌什么犯罪？会受何处罚？,601
2020-09-25 10:09:33,9,为什么李诞火了，王建国却没有火？,474
2020-09-25 10:10:34,0,「我想要秋天的第一杯奶茶」是什么梗，为什么突然火了？反映了一种怎样的心理现象？,2431
2020-09-25 10:10:34,1,如何看待「男子烧炭自杀疑遭 PUA：每天给女友转账 666 元，不转会被罚」？,2119
2020-09-25 10:10:34,2,如何看待罗永浩表示 6 亿债务已还了 4 亿？他是如何做到的？6 亿债务具体如何欠下的？,1038
2020-09-25 10:10:34,3,如何看待《糖豆人》官方公开的糖豆人内部构造设定图？由此推测糖豆人具有怎样的生物学特征？,799
2020-09-25 10:10:34,4,在媳妇儿的强烈要求下 35 万买了宝马 320，觉得在宝马这个标上亏了 10 万，心态已崩，怎么缓解？,690
2020-09-25 10:10:34,5,有哪些特征一眼就会被看出是 iPhone 用户？,681
2020-09-25 10:10:34,6,港媒称乱港分子黄之锋被捕，他将受到怎样的法律制裁？后续发展会如何？,620
2020-09-25 10:10:34,7,如何看待小伙因身高不足 1 米 8 自卑，做断骨增高手术失败导致终身残疾？,608
2020-09-25 10:10:34,8,重庆市某机关食堂将肉价 18.5 元改为 185 元，176 斤菜报账变成 1776 斤，涉嫌什么犯罪？会受何处罚？,605
2020-09-25 10:10:34,9,为什么李诞火了，王建国却没有火？,476
2020-09-25 10:11:34,0,「我想要秋天的第一杯奶茶」是什么梗，为什么突然火了？反映了一种怎样的心理现象？,2431
2020-09-25 10:11:34,1,如何看待「男子烧炭自杀疑遭 PUA：每天给女友转账 666 元，不转会被罚」？,2119
2020-09-25 10:11:34,2,如何看待罗永浩表示 6 亿债务已还了 4 亿？他是如何做到的？6 亿债务具体如何欠下的？,1038
2020-09-25 10:11:34,3,如何看待《糖豆人》官方公开的糖豆人内部构造设定图？由此推测糖豆人具有怎样的生物学特征？,799
2020-09-25 10:11:34,4,在媳妇儿的强烈要求下 35 万买了宝马 320，觉得在宝马这个标上亏了 10 万，心态已崩，怎么缓解？,690
2020-09-25 10:11:34,5,有哪些特征一眼就会被看出是 iPhone 用户？,681
2020-09-25 10:11:34,6,港媒称乱港分子黄之锋被捕，他将受到怎样的法律制裁？后续发展会如何？,620
2020-09-25 10:11:34,7,如何看待小伙因身高不足 1 米 8 自卑，做断骨增高手术失败导致终身残疾？,608
2020-09-25 10:11:34,8,重庆市某机关食堂将肉价 18.5 元改为 185 元，176 斤菜报账变成 1776 斤，涉嫌什么犯罪？会受何处罚？,605
2020-09-25 10:11:34,9,为什么李诞火了，王建国却没有火？,476
2020-09-25 10:12:35,0,「我想要秋天的第一杯奶茶」是什么梗，为什么突然火了？反映了一种怎样的心理现象？,2433
2020-09-25 10:12:35,1,如何看待「男子烧炭自杀疑遭 PUA：每天给女友转账 666 元，不转会被罚」？,2129
2020-09-25 10:12:35,2,如何看待罗永浩表示 6 亿债务已还了 4 亿？他是如何做到的？6 亿债务具体如何欠下的？,1017
2020-09-25 10:12:35,3,如何看待《糖豆人》官方公开的糖豆人内部构造设定图？由此推测糖豆人具有怎样的生物学特征？,801
2020-09-25 10:12:35,4,在媳妇儿的强烈要求下 35 万买了宝马 320，觉得在宝马这个标上亏了 10 万，心态已崩，怎么缓解？,693
2020-09-25 10:12:35,5,有哪些特征一眼就会被看出是 iPhone 用户？,682
2020-09-25 10:12:35,6,港媒称乱港分子黄之锋被捕，他将受到怎样的法律制裁？后续发展会如何？,620
2020-09-25 10:12:35,7,重庆市某机关食堂将肉价 18.5 元改为 185 元，176 斤菜报账变成 1776 斤，涉嫌什么犯罪？会受何处罚？,608
2020-09-25 10:12:35,8,如何看待小伙因身高不足 1 米 8 自卑，做断骨增高手术失败导致终身残疾？,608
2020-09-25 10:12:35,9,为什么李诞火了，王建国却没有火？,478
2020-09-25 10:13:35,0,「我想要秋天的第一杯奶茶」是什么梗，为什么突然火了？反映了一种怎样的心理现象？,2433
2020-09-25 10:13:35,1,如何看待「男子烧炭自杀疑遭 PUA：每天给女友转账 666 元，不转会被罚」？,2135
2020-09-25 10:13:35,2,如何看待罗永浩表示 6 亿债务已还了 4 亿？他是如何做到的？6 亿债务具体如何欠下的？,999
2020-09-25 10:13:35,3,如何看待《糖豆人》官方公开的糖豆人内部构造设定图？由此推测糖豆人具有怎样的生物学特征？,802
2020-09-25 10:13:35,4,在媳妇儿的强烈要求下 35 万买了宝马 320，觉得在宝马这个标上亏了 10 万，心态已崩，怎么缓解？,695
2020-09-25 10:13:35,5,有哪些特征一眼就会被看出是 iPhone 用户？,684
2020-09-25 10:13:35,6,港媒称乱港分子黄之锋被捕，他将受到怎样的法律制裁？后续发展会如何？,617
2020-09-25 10:13:35,7,重庆市某机关食堂将肉价 18.5 元改为 185 元，176 斤菜报账变成 1776 斤，涉嫌什么犯罪？会受何处罚？,611
2020-09-25 10:13:35,8,如何看待小伙因身高不足 1 米 8 自卑，做断骨增高手术失败导致终身残疾？,607
2020-09-25 10:13:35,9,为什么李诞火了，王建国却没有火？,479
2020-09-25 10:14:35,0,「我想要秋天的第一杯奶茶」是什么梗，为什么突然火了？反映了一种怎样的心理现象？,2433
2020-09-25 10:14:35,1,如何看待「男子烧炭自杀疑遭 PUA：每天给女友转账 666 元，不转会被罚」？,2135
2020-09-25 10:14:35,2,如何看待罗永浩表示 6 亿债务已还了 4 亿？他是如何做到的？6 亿债务具体如何欠下的？,999
2020-09-25 10:14:35,3,如何看待《糖豆人》官方公开的糖豆人内部构造设定图？由此推测糖豆人具有怎样的生物学特征？,802
2020-09-25 10:14:35,4,在媳妇儿的强烈要求下 35 万买了宝马 320，觉得在宝马这个标上亏了 10 万，心态已崩，怎么缓解？,695
2020-09-25 10:14:35,5,有哪些特征一眼就会被看出是 iPhone 用户？,684
2020-09-25 10:14:35,6,港媒称乱港分子黄之锋被捕，他将受到怎样的法律制裁？后续发展会如何？,617
2020-09-25 10:14:35,7,重庆市某机关食堂将肉价 18.5 元改为 185 元，176 斤菜报账变成 1776 斤，涉嫌什么犯罪？会受何处罚？,611
2020-09-25 10:14:35,8,如何看待小伙因身高不足 1 米 8 自卑，做断骨增高手术失败导致终身残疾？,607
2020-09-25 10:14:35,9,为什么李诞火了，王建国却没有火？,479
2020-09-25 10:15:36,0,「我想要秋天的第一杯奶茶」是什么梗，为什么突然火了？反映了一种怎样的心理现象？,2433
2020-09-25 10:15:36,1,如何看待「男子烧炭自杀疑遭 PUA：每天给女友转账 666 元，不转会被罚」？,2142
2020-09-25 10:15:36,2,如何看待罗永浩表示 6 亿债务已还了 4 亿？他是如何做到的？6 亿债务具体如何欠下的？,982
2020-09-25 10:15:36,3,如何看待《糖豆人》官方公开的糖豆人内部构造设定图？由此推测糖豆人具有怎样的生物学特征？,803
2020-09-25 10:15:36,4,在媳妇儿的强烈要求下 35 万买了宝马 320，觉得在宝马这个标上亏了 10 万，心态已崩，怎么缓解？,696
2020-09-25 10:15:36,5,有哪些特征一眼就会被看出是 iPhone 用户？,684
2020-09-25 10:15:36,6,港媒称乱港分子黄之锋被捕，他将受到怎样的法律制裁？后续发展会如何？,615
2020-09-25 10:15:36,7,重庆市某机关食堂将肉价 18.5 元改为 185 元，176 斤菜报账变成 1776 斤，涉嫌什么犯罪？会受何处罚？,613
2020-09-25 10:15:36,8,如何看待小伙因身高不足 1 米 8 自卑，做断骨增高手术失败导致终身残疾？,606
2020-09-25 10:15:36,9,为什么李诞火了，王建国却没有火？,481
2020-09-25 10:16:37,0,「我想要秋天的第一杯奶茶」是什么梗，为什么突然火了？反映了一种怎样的心理现象？,2433
2020-09-25 10:16:37,1,如何看待「男子烧炭自杀疑遭 PUA：每天给女友转账 666 元，不转会被罚」？,2152
2020-09-25 10:16:37,2,如何看待罗永浩表示 6 亿债务已还了 4 亿？他是如何做到的？6 亿债务具体如何欠下的？,964
2020-09-25 10:16:37,3,如何看待《糖豆人》官方公开的糖豆人内部构造设定图？由此推测糖豆人具有怎样的生物学特征？,803
2020-09-25 10:16:37,4,在媳妇儿的强烈要求下 35 万买了宝马 320，觉得在宝马这个标上亏了 10 万，心态已崩，怎么缓解？,699
2020-09-25 10:16:37,5,有哪些特征一眼就会被看出是 iPhone 用户？,685
2020-09-25 10:16:37,6,重庆市某机关食堂将肉价 18.5 元改为 185 元，176 斤菜报账变成 1776 斤，涉嫌什么犯罪？会受何处罚？,617
2020-09-25 10:16:37,7,港媒称乱港分子黄之锋被捕，他将受到怎样的法律制裁？后续发展会如何？,614
2020-09-25 10:16:37,8,如何看待小伙因身高不足 1 米 8 自卑，做断骨增高手术失败导致终身残疾？,605
2020-09-25 10:16:37,9,为什么李诞火了，王建国却没有火？,483
2020-09-25 10:17:40,0,「我想要秋天的第一杯奶茶」是什么梗，为什么突然火了？反映了一种怎样的心理现象？,2433
2020-09-25 10:17:40,1,如何看待「男子烧炭自杀疑遭 PUA：每天给女友转账 666 元，不转会被罚」？,2152
2020-09-25 10:17:40,2,如何看待罗永浩表示 6 亿债务已还了 4 亿？他是如何做到的？6 亿债务具体如何欠下的？,964
2020-09-25 10:17:40,3,如何看待《糖豆人》官方公开的糖豆人内部构造设定图？由此推测糖豆人具有怎样的生物学特征？,803
2020-09-25 10:17:40,4,在媳妇儿的强烈要求下 35 万买了宝马 320，觉得在宝马这个标上亏了 10 万，心态已崩，怎么缓解？,699
2020-09-25 10:17:40,5,有哪些特征一眼就会被看出是 iPhone 用户？,685
2020-09-25 10:17:40,6,重庆市某机关食堂将肉价 18.5 元改为 185 元，176 斤菜报账变成 1776 斤，涉嫌什么犯罪？会受何处罚？,617
2020-09-25 10:17:40,7,港媒称乱港分子黄之锋被捕，他将受到怎样的法律制裁？后续发展会如何？,614
2020-09-25 10:17:40,8,如何看待小伙因身高不足 1 米 8 自卑，做断骨增高手术失败导致终身残疾？,605
2020-09-25 10:17:40,9,为什么李诞火了，王建国却没有火？,483
2020-09-25 10:18:41,0,「我想要秋天的第一杯奶茶」是什么梗，为什么突然火了？反映了一种怎样的心理现象？,2435
2020-09-25 10:18:41,1,如何看待「男子烧炭自杀疑遭 PUA：每天给女友转账 666 元，不转会被罚」？,2161
2020-09-25 10:18:41,2,如何看待罗永浩表示 6 亿债务已还了 4 亿？他是如何做到的？6 亿债务具体如何欠下的？,946
2020-09-25 10:18:41,3,如何看待《糖豆人》官方公开的糖豆人内部构造设定图？由此推测糖豆人具有怎样的生物学特征？,803
2020-09-25 10:18:41,4,在媳妇儿的强烈要求下 35 万买了宝马 320，觉得在宝马这个标上亏了 10 万，心态已崩，怎么缓解？,701
2020-09-25 10:18:41,5,有哪些特征一眼就会被看出是 iPhone 用户？,685
2020-09-25 10:18:41,6,重庆市某机关食堂将肉价 18.5 元改为 185 元，176 斤菜报账变成 1776 斤，涉嫌什么犯罪？会受何处罚？,621
2020-09-25 10:18:41,7,港媒称乱港分子黄之锋被捕，他将受到怎样的法律制裁？后续发展会如何？,612
2020-09-25 10:18:41,8,如何看待小伙因身高不足 1 米 8 自卑，做断骨增高手术失败导致终身残疾？,605
2020-09-25 10:18:41,9,为什么李诞火了，王建国却没有火？,484
2020-09-25 10:19:45,0,「我想要秋天的第一杯奶茶」是什么梗，为什么突然火了？反映了一种怎样的心理现象？,2437
2020-09-25 10:19:45,1,如何看待「男子烧炭自杀疑遭 PUA：每天给女友转账 666 元，不转会被罚」？,2170
2020-09-25 10:19:45,2,如何看待罗永浩表示 6 亿债务已还了 4 亿？他是如何做到的？6 亿债务具体如何欠下的？,922
2020-09-25 10:19:46,3,如何看待《糖豆人》官方公开的糖豆人内部构造设定图？由此推测糖豆人具有怎样的生物学特征？,803
2020-09-25 10:19:46,4,在媳妇儿的强烈要求下 35 万买了宝马 320，觉得在宝马这个标上亏了 10 万，心态已崩，怎么缓解？,704
2020-09-25 10:19:46,5,有哪些特征一眼就会被看出是 iPhone 用户？,686
2020-09-25 10:19:46,6,重庆市某机关食堂将肉价 18.5 元改为 185 元，176 斤菜报账变成 1776 斤，涉嫌什么犯罪？会受何处罚？,625
2020-09-25 10:19:46,7,港媒称乱港分子黄之锋被捕，他将受到怎样的法律制裁？后续发展会如何？,610
2020-09-25 10:19:46,8,如何看待小伙因身高不足 1 米 8 自卑，做断骨增高手术失败导致终身残疾？,605
2020-09-25 10:19:46,9,为什么李诞火了，王建国却没有火？,486
2020-09-25 10:20:46,0,「我想要秋天的第一杯奶茶」是什么梗，为什么突然火了？反映了一种怎样的心理现象？,2435
2020-09-25 10:20:46,1,如何看待「男子烧炭自杀疑遭 PUA：每天给女友转账 666 元，不转会被罚」？,2178
2020-09-25 10:20:46,2,如何看待罗永浩表示 6 亿债务已还了 4 亿？他是如何做到的？6 亿债务具体如何欠下的？,903
2020-09-25 10:20:46,3,如何看待《糖豆人》官方公开的糖豆人内部构造设定图？由此推测糖豆人具有怎样的生物学特征？,802
2020-09-25 10:20:46,4,在媳妇儿的强烈要求下 35 万买了宝马 320，觉得在宝马这个标上亏了 10 万，心态已崩，怎么缓解？,706
2020-09-25 10:20:46,5,有哪些特征一眼就会被看出是 iPhone 用户？,686
2020-09-25 10:20:46,6,重庆市某机关食堂将肉价 18.5 元改为 185 元，176 斤菜报账变成 1776 斤，涉嫌什么犯罪？会受何处罚？,629
2020-09-25 10:20:46,7,港媒称乱港分子黄之锋被捕，他将受到怎样的法律制裁？后续发展会如何？,608
2020-09-25 10:20:46,8,如何看待小伙因身高不足 1 米 8 自卑，做断骨增高手术失败导致终身残疾？,605
2020-09-25 10:20:46,9,为什么李诞火了，王建国却没有火？,488
2020-09-25 10:21:46,0,「我想要秋天的第一杯奶茶」是什么梗，为什么突然火了？反映了一种怎样的心理现象？,2435
2020-09-25 10:21:46,1,如何看待「男子烧炭自杀疑遭 PUA：每天给女友转账 666 元，不转会被罚」？,2178
2020-09-25 10:21:46,2,如何看待罗永浩表示 6 亿债务已还了 4 亿？他是如何做到的？6 亿债务具体如何欠下的？,903
2020-09-25 10:21:46,3,如何看待《糖豆人》官方公开的糖豆人内部构造设定图？由此推测糖豆人具有怎样的生物学特征？,802
2020-09-25 10:21:46,4,在媳妇儿的强烈要求下 35 万买了宝马 320，觉得在宝马这个标上亏了 10 万，心态已崩，怎么缓解？,706
2020-09-25 10:21:46,5,有哪些特征一眼就会被看出是 iPhone 用户？,686
2020-09-25 10:21:46,6,重庆市某机关食堂将肉价 18.5 元改为 185 元，176 斤菜报账变成 1776 斤，涉嫌什么犯罪？会受何处罚？,629
2020-09-25 10:21:46,7,港媒称乱港分子黄之锋被捕，他将受到怎样的法律制裁？后续发展会如何？,608
2020-09-25 10:21:46,8,如何看待小伙因身高不足 1 米 8 自卑，做断骨增高手术失败导致终身残疾？,605
2020-09-25 10:21:46,9,为什么李诞火了，王建国却没有火？,488
2020-09-25 10:22:47,0,「我想要秋天的第一杯奶茶」是什么梗，为什么突然火了？反映了一种怎样的心理现象？,2439
2020-09-25 10:22:47,1,如何看待「男子烧炭自杀疑遭 PUA：每天给女友转账 666 元，不转会被罚」？,2185
2020-09-25 10:22:47,2,如何看待罗永浩表示 6 亿债务已还了 4 亿？他是如何做到的？6 亿债务具体如何欠下的？,883
2020-09-25 10:22:47,3,如何看待《糖豆人》官方公开的糖豆人内部构造设定图？由此推测糖豆人具有怎样的生物学特征？,803
2020-09-25 10:22:47,4,在媳妇儿的强烈要求下 35 万买了宝马 320，觉得在宝马这个标上亏了 10 万，心态已崩，怎么缓解？,709
2020-09-25 10:22:47,5,有哪些特征一眼就会被看出是 iPhone 用户？,687
2020-09-25 10:22:47,6,重庆市某机关食堂将肉价 18.5 元改为 185 元，176 斤菜报账变成 1776 斤，涉嫌什么犯罪？会受何处罚？,633
2020-09-25 10:22:47,7,港媒称乱港分子黄之锋被捕，他将受到怎样的法律制裁？后续发展会如何？,607
2020-09-25 10:22:47,8,如何看待小伙因身高不足 1 米 8 自卑，做断骨增高手术失败导致终身残疾？,605
2020-09-25 10:22:47,9,为什么李诞火了，王建国却没有火？,490
2020-09-25 10:23:47,0,「我想要秋天的第一杯奶茶」是什么梗，为什么突然火了？反映了一种怎样的心理现象？,2442
2020-09-25 10:23:47,1,如何看待「男子烧炭自杀疑遭 PUA：每天给女友转账 666 元，不转会被罚」？,2195
2020-09-25 10:23:47,2,如何看待罗永浩表示 6 亿债务已还了 4 亿？他是如何做到的？6 亿债务具体如何欠下的？,864
2020-09-25 10:23:47,3,如何看待《糖豆人》官方公开的糖豆人内部构造设定图？由此推测糖豆人具有怎样的生物学特征？,803
2020-09-25 10:23:47,4,在媳妇儿的强烈要求下 35 万买了宝马 320，觉得在宝马这个标上亏了 10 万，心态已崩，怎么缓解？,710
2020-09-25 10:23:47,5,有哪些特征一眼就会被看出是 iPhone 用户？,686
2020-09-25 10:23:47,6,重庆市某机关食堂将肉价 18.5 元改为 185 元，176 斤菜报账变成 1776 斤，涉嫌什么犯罪？会受何处罚？,639
2020-09-25 10:23:47,7,港媒称乱港分子黄之锋被捕，他将受到怎样的法律制裁？后续发展会如何？,605
2020-09-25 10:23:47,8,如何看待小伙因身高不足 1 米 8 自卑，做断骨增高手术失败导致终身残疾？,605
2020-09-25 10:23:47,9,为什么李诞火了，王建国却没有火？,490
2020-09-25 10:24:48,0,「我想要秋天的第一杯奶茶」是什么梗，为什么突然火了？反映了一种怎样的心理现象？,2442
2020-09-25 10:24:48,1,如何看待「男子烧炭自杀疑遭 PUA：每天给女友转账 666 元，不转会被罚」？,2195
2020-09-25 10:24:48,2,如何看待罗永浩表示 6 亿债务已还了 4 亿？他是如何做到的？6 亿债务具体如何欠下的？,864
2020-09-25 10:24:48,3,如何看待《糖豆人》官方公开的糖豆人内部构造设定图？由此推测糖豆人具有怎样的生物学特征？,803
2020-09-25 10:24:48,4,在媳妇儿的强烈要求下 35 万买了宝马 320，觉得在宝马这个标上亏了 10 万，心态已崩，怎么缓解？,710
2020-09-25 10:24:48,5,有哪些特征一眼就会被看出是 iPhone 用户？,686
2020-09-25 10:24:48,6,重庆市某机关食堂将肉价 18.5 元改为 185 元，176 斤菜报账变成 1776 斤，涉嫌什么犯罪？会受何处罚？,639
2020-09-25 10:24:48,7,港媒称乱港分子黄之锋被捕，他将受到怎样的法律制裁？后续发展会如何？,605
2020-09-25 10:24:48,8,如何看待小伙因身高不足 1 米 8 自卑，做断骨增高手术失败导致终身残疾？,605
2020-09-25 10:24:48,9,为什么李诞火了，王建国却没有火？,490
2020-09-25 10:25:48,0,「我想要秋天的第一杯奶茶」是什么梗，为什么突然火了？反映了一种怎样的心理现象？,2440
2020-09-25 10:25:48,1,如何看待「男子烧炭自杀疑遭 PUA：每天给女友转账 666 元，不转会被罚」？,2203
2020-09-25 10:25:48,2,如何看待罗永浩表示 6 亿债务已还了 4 亿？他是如何做到的？6 亿债务具体如何欠下的？,847
2020-09-25 10:25:48,3,如何看待《糖豆人》官方公开的糖豆人内部构造设定图？由此推测糖豆人具有怎样的生物学特征？,803
2020-09-25 10:25:48,4,在媳妇儿的强烈要求下 35 万买了宝马 320，觉得在宝马这个标上亏了 10 万，心态已崩，怎么缓解？,714
2020-09-25 10:25:48,5,有哪些特征一眼就会被看出是 iPhone 用户？,685
2020-09-25 10:25:48,6,重庆市某机关食堂将肉价 18.5 元改为 185 元，176 斤菜报账变成 1776 斤，涉嫌什么犯罪？会受何处罚？,643
2020-09-25 10:25:48,7,如何看待小伙因身高不足 1 米 8 自卑，做断骨增高手术失败导致终身残疾？,604
2020-09-25 10:25:48,8,港媒称乱港分子黄之锋被捕，他将受到怎样的法律制裁？后续发展会如何？,603
2020-09-25 10:25:48,9,为什么李诞火了，王建国却没有火？,491
2020-09-25 10:26:48,0,如何看待「男子烧炭自杀疑遭 PUA：每天给女友转账 666 元，不转会被罚」？,2211
2020-09-25 10:26:48,1,「我想要秋天的第一杯奶茶」是什么梗，为什么突然火了？反映了一种怎样的心理现象？,2040
2020-09-25 10:26:48,2,如何看待罗永浩表示 6 亿债务已还了 4 亿？他是如何做到的？6 亿债务具体如何欠下的？,829
2020-09-25 10:26:48,3,如何看待《糖豆人》官方公开的糖豆人内部构造设定图？由此推测糖豆人具有怎样的生物学特征？,804
2020-09-25 10:26:48,4,在媳妇儿的强烈要求下 35 万买了宝马 320，觉得在宝马这个标上亏了 10 万，心态已崩，怎么缓解？,715
2020-09-25 10:26:48,5,有哪些特征一眼就会被看出是 iPhone 用户？,686
2020-09-25 10:26:48,6,重庆市某机关食堂将肉价 18.5 元改为 185 元，176 斤菜报账变成 1776 斤，涉嫌什么犯罪？会受何处罚？,648
2020-09-25 10:26:48,7,如何看待小伙因身高不足 1 米 8 自卑，做断骨增高手术失败导致终身残疾？,603
2020-09-25 10:26:48,8,港媒称乱港分子黄之锋被捕，他将受到怎样的法律制裁？后续发展会如何？,602
2020-09-25 10:26:48,9,为什么李诞火了，王建国却没有火？,493
2020-09-25 10:27:51,0,如何看待「男子烧炭自杀疑遭 PUA：每天给女友转账 666 元，不转会被罚」？,2211
2020-09-25 10:27:51,1,「我想要秋天的第一杯奶茶」是什么梗，为什么突然火了？反映了一种怎样的心理现象？,2040
2020-09-25 10:27:51,2,如何看待罗永浩表示 6 亿债务已还了 4 亿？他是如何做到的？6 亿债务具体如何欠下的？,829
2020-09-25 10:27:51,3,如何看待《糖豆人》官方公开的糖豆人内部构造设定图？由此推测糖豆人具有怎样的生物学特征？,804
2020-09-25 10:27:51,4,在媳妇儿的强烈要求下 35 万买了宝马 320，觉得在宝马这个标上亏了 10 万，心态已崩，怎么缓解？,715
2020-09-25 10:27:51,5,有哪些特征一眼就会被看出是 iPhone 用户？,686
2020-09-25 10:27:51,6,重庆市某机关食堂将肉价 18.5 元改为 185 元，176 斤菜报账变成 1776 斤，涉嫌什么犯罪？会受何处罚？,648
2020-09-25 10:27:51,7,如何看待小伙因身高不足 1 米 8 自卑，做断骨增高手术失败导致终身残疾？,603
2020-09-25 10:27:51,8,港媒称乱港分子黄之锋被捕，他将受到怎样的法律制裁？后续发展会如何？,602
2020-09-25 10:27:51,9,为什么李诞火了，王建国却没有火？,493
2020-09-25 10:28:52,0,如何看待「男子烧炭自杀疑遭 PUA：每天给女友转账 666 元，不转会被罚」？,2221
2020-09-25 10:28:52,1,「我想要秋天的第一杯奶茶」是什么梗，为什么突然火了？反映了一种怎样的心理现象？,2038
2020-09-25 10:28:52,2,如何看待罗永浩表示 6 亿债务已还了 4 亿？他是如何做到的？6 亿债务具体如何欠下的？,808
2020-09-25 10:28:52,3,如何看待《糖豆人》官方公开的糖豆人内部构造设定图？由此推测糖豆人具有怎样的生物学特征？,803
2020-09-25 10:28:52,4,在媳妇儿的强烈要求下 35 万买了宝马 320，觉得在宝马这个标上亏了 10 万，心态已崩，怎么缓解？,717
2020-09-25 10:28:52,5,有哪些特征一眼就会被看出是 iPhone 用户？,685
2020-09-25 10:28:52,6,重庆市某机关食堂将肉价 18.5 元改为 185 元，176 斤菜报账变成 1776 斤，涉嫌什么犯罪？会受何处罚？,652
2020-09-25 10:28:52,7,如何看待小伙因身高不足 1 米 8 自卑，做断骨增高手术失败导致终身残疾？,604
2020-09-25 10:28:52,8,港媒称乱港分子黄之锋被捕，他将受到怎样的法律制裁？后续发展会如何？,600
2020-09-25 10:28:52,9,为什么李诞火了，王建国却没有火？,495
2020-09-25 10:29:52,0,如何看待「男子烧炭自杀疑遭 PUA：每天给女友转账 666 元，不转会被罚」？,2233
2020-09-25 10:29:52,1,「我想要秋天的第一杯奶茶」是什么梗，为什么突然火了？反映了一种怎样的心理现象？,2035
2020-09-25 10:29:52,2,如何看待《糖豆人》官方公开的糖豆人内部构造设定图？由此推测糖豆人具有怎样的生物学特征？,804
2020-09-25 10:29:52,3,如何看待罗永浩表示 6 亿债务已还了 4 亿？他是如何做到的？6 亿债务具体如何欠下的？,790
2020-09-25 10:29:52,4,在媳妇儿的强烈要求下 35 万买了宝马 320，觉得在宝马这个标上亏了 10 万，心态已崩，怎么缓解？,721
2020-09-25 10:29:52,5,有哪些特征一眼就会被看出是 iPhone 用户？,684
2020-09-25 10:29:52,6,重庆市某机关食堂将肉价 18.5 元改为 185 元，176 斤菜报账变成 1776 斤，涉嫌什么犯罪？会受何处罚？,656
2020-09-25 10:29:52,7,如何看待小伙因身高不足 1 米 8 自卑，做断骨增高手术失败导致终身残疾？,604
2020-09-25 10:29:52,8,港媒称乱港分子黄之锋被捕，他将受到怎样的法律制裁？后续发展会如何？,597
2020-09-25 10:29:52,9,为什么李诞火了，王建国却没有火？,496
2020-09-25 10:30:56,0,如何看待「男子烧炭自杀疑遭 PUA：每天给女友转账 666 元，不转会被罚」？,2233
2020-09-25 10:30:56,1,「我想要秋天的第一杯奶茶」是什么梗，为什么突然火了？反映了一种怎样的心理现象？,2035
2020-09-25 10:30:56,2,如何看待《糖豆人》官方公开的糖豆人内部构造设定图？由此推测糖豆人具有怎样的生物学特征？,804
2020-09-25 10:30:56,3,如何看待罗永浩表示 6 亿债务已还了 4 亿？他是如何做到的？6 亿债务具体如何欠下的？,790
2020-09-25 10:30:56,4,在媳妇儿的强烈要求下 35 万买了宝马 320，觉得在宝马这个标上亏了 10 万，心态已崩，怎么缓解？,721
2020-09-25 10:30:56,5,有哪些特征一眼就会被看出是 iPhone 用户？,684
2020-09-25 10:30:56,6,重庆市某机关食堂将肉价 18.5 元改为 185 元，176 斤菜报账变成 1776 斤，涉嫌什么犯罪？会受何处罚？,656
2020-09-25 10:30:56,7,如何看待小伙因身高不足 1 米 8 自卑，做断骨增高手术失败导致终身残疾？,604
2020-09-25 10:30:56,8,港媒称乱港分子黄之锋被捕，他将受到怎样的法律制裁？后续发展会如何？,597
2020-09-25 10:30:56,9,为什么李诞火了，王建国却没有火？,496
2020-09-25 10:31:56,0,如何看待「男子烧炭自杀疑遭 PUA：每天给女友转账 666 元，不转会被罚」？,2244
2020-09-25 10:31:56,1,「我想要秋天的第一杯奶茶」是什么梗，为什么突然火了？反映了一种怎样的心理现象？,2032
2020-09-25 10:31:56,2,如何看待《糖豆人》官方公开的糖豆人内部构造设定图？由此推测糖豆人具有怎样的生物学特征？,804
2020-09-25 10:31:56,3,如何看待罗永浩表示 6 亿债务已还了 4 亿？他是如何做到的？6 亿债务具体如何欠下的？,768
2020-09-25 10:31:56,4,在媳妇儿的强烈要求下 35 万买了宝马 320，觉得在宝马这个标上亏了 10 万，心态已崩，怎么缓解？,724
2020-09-25 10:31:56,5,有哪些特征一眼就会被看出是 iPhone 用户？,684
2020-09-25 10:31:56,6,重庆市某机关食堂将肉价 18.5 元改为 185 元，176 斤菜报账变成 1776 斤，涉嫌什么犯罪？会受何处罚？,660
2020-09-25 10:31:56,7,如何看待小伙因身高不足 1 米 8 自卑，做断骨增高手术失败导致终身残疾？,603
2020-09-25 10:31:56,8,港媒称乱港分子黄之锋被捕，他将受到怎样的法律制裁？后续发展会如何？,594
2020-09-25 10:31:56,9,为什么李诞火了，王建国却没有火？,499
2020-09-25 10:32:57,0,如何看待「男子烧炭自杀疑遭 PUA：每天给女友转账 666 元，不转会被罚」？,2253
2020-09-25 10:32:57,1,「我想要秋天的第一杯奶茶」是什么梗，为什么突然火了？反映了一种怎样的心理现象？,2001
2020-09-25 10:32:57,2,如何看待《糖豆人》官方公开的糖豆人内部构造设定图？由此推测糖豆人具有怎样的生物学特征？,804
2020-09-25 10:32:57,3,如何看待罗永浩表示 6 亿债务已还了 4 亿？他是如何做到的？6 亿债务具体如何欠下的？,747
2020-09-25 10:32:57,4,在媳妇儿的强烈要求下 35 万买了宝马 320，觉得在宝马这个标上亏了 10 万，心态已崩，怎么缓解？,726
2020-09-25 10:32:57,5,有哪些特征一眼就会被看出是 iPhone 用户？,684
2020-09-25 10:32:57,6,重庆市某机关食堂将肉价 18.5 元改为 185 元，176 斤菜报账变成 1776 斤，涉嫌什么犯罪？会受何处罚？,663
2020-09-25 10:32:57,7,如何看待小伙因身高不足 1 米 8 自卑，做断骨增高手术失败导致终身残疾？,602
2020-09-25 10:32:57,8,港媒称乱港分子黄之锋被捕，他将受到怎样的法律制裁？后续发展会如何？,592
2020-09-25 10:32:57,9,为什么李诞火了，王建国却没有火？,500
2020-09-25 10:33:57,0,如何看待「男子烧炭自杀疑遭 PUA：每天给女友转账 666 元，不转会被罚」？,2253
2020-09-25 10:33:57,1,「我想要秋天的第一杯奶茶」是什么梗，为什么突然火了？反映了一种怎样的心理现象？,2001
2020-09-25 10:33:57,2,如何看待《糖豆人》官方公开的糖豆人内部构造设定图？由此推测糖豆人具有怎样的生物学特征？,804
2020-09-25 10:33:57,3,如何看待罗永浩表示 6 亿债务已还了 4 亿？他是如何做到的？6 亿债务具体如何欠下的？,747
2020-09-25 10:33:57,4,在媳妇儿的强烈要求下 35 万买了宝马 320，觉得在宝马这个标上亏了 10 万，心态已崩，怎么缓解？,726
2020-09-25 10:33:57,5,有哪些特征一眼就会被看出是 iPhone 用户？,684
2020-09-25 10:33:57,6,重庆市某机关食堂将肉价 18.5 元改为 185 元，176 斤菜报账变成 1776 斤，涉嫌什么犯罪？会受何处罚？,663
2020-09-25 10:33:57,7,如何看待小伙因身高不足 1 米 8 自卑，做断骨增高手术失败导致终身残疾？,602
2020-09-25 10:33:57,8,港媒称乱港分子黄之锋被捕，他将受到怎样的法律制裁？后续发展会如何？,592
2020-09-25 10:33:57,9,为什么李诞火了，王建国却没有火？,500
2020-09-25 10:34:57,0,如何看待「男子烧炭自杀疑遭 PUA：每天给女友转账 666 元，不转会被罚」？,2267
2020-09-25 10:34:57,1,「我想要秋天的第一杯奶茶」是什么梗，为什么突然火了？反映了一种怎样的心理现象？,1972
2020-09-25 10:34:57,2,如何看待《糖豆人》官方公开的糖豆人内部构造设定图？由此推测糖豆人具有怎样的生物学特征？,805
2020-09-25 10:34:57,3,在媳妇儿的强烈要求下 35 万买了宝马 320，觉得在宝马这个标上亏了 10 万，心态已崩，怎么缓解？,728
2020-09-25 10:34:57,4,如何看待罗永浩表示 6 亿债务已还了 4 亿？他是如何做到的？6 亿债务具体如何欠下的？,727
2020-09-25 10:34:57,5,有哪些特征一眼就会被看出是 iPhone 用户？,684
2020-09-25 10:34:57,6,重庆市某机关食堂将肉价 18.5 元改为 185 元，176 斤菜报账变成 1776 斤，涉嫌什么犯罪？会受何处罚？,669
2020-09-25 10:34:57,7,如何看待小伙因身高不足 1 米 8 自卑，做断骨增高手术失败导致终身残疾？,601
2020-09-25 10:34:57,8,港媒称乱港分子黄之锋被捕，他将受到怎样的法律制裁？后续发展会如何？,590
2020-09-25 10:34:57,9,为什么李诞火了，王建国却没有火？,501
2020-09-25 10:35:58,0,如何看待「男子烧炭自杀疑遭 PUA：每天给女友转账 666 元，不转会被罚」？,2277
2020-09-25 10:35:58,1,「我想要秋天的第一杯奶茶」是什么梗，为什么突然火了？反映了一种怎样的心理现象？,1940
2020-09-25 10:35:58,2,如何看待《糖豆人》官方公开的糖豆人内部构造设定图？由此推测糖豆人具有怎样的生物学特征？,806
2020-09-25 10:35:58,3,在媳妇儿的强烈要求下 35 万买了宝马 320，觉得在宝马这个标上亏了 10 万，心态已崩，怎么缓解？,729
2020-09-25 10:35:58,4,如何看待罗永浩表示 6 亿债务已还了 4 亿？他是如何做到的？6 亿债务具体如何欠下的？,707
2020-09-25 10:35:58,5,有哪些特征一眼就会被看出是 iPhone 用户？,683
2020-09-25 10:35:58,6,重庆市某机关食堂将肉价 18.5 元改为 185 元，176 斤菜报账变成 1776 斤，涉嫌什么犯罪？会受何处罚？,674
2020-09-25 10:35:58,7,如何看待小伙因身高不足 1 米 8 自卑，做断骨增高手术失败导致终身残疾？,601
2020-09-25 10:35:58,8,港媒称乱港分子黄之锋被捕，他将受到怎样的法律制裁？后续发展会如何？,588
2020-09-25 10:35:58,9,为什么李诞火了，王建国却没有火？,503
2020-09-25 10:36:58,0,如何看待「男子烧炭自杀疑遭 PUA：每天给女友转账 666 元，不转会被罚」？,2277
2020-09-25 10:36:58,1,「我想要秋天的第一杯奶茶」是什么梗，为什么突然火了？反映了一种怎样的心理现象？,1940
2020-09-25 10:36:58,2,如何看待《糖豆人》官方公开的糖豆人内部构造设定图？由此推测糖豆人具有怎样的生物学特征？,806
2020-09-25 10:36:58,3,在媳妇儿的强烈要求下 35 万买了宝马 320，觉得在宝马这个标上亏了 10 万，心态已崩，怎么缓解？,729
2020-09-25 10:36:58,4,如何看待罗永浩表示 6 亿债务已还了 4 亿？他是如何做到的？6 亿债务具体如何欠下的？,707
2020-09-25 10:36:58,5,有哪些特征一眼就会被看出是 iPhone 用户？,683
2020-09-25 10:36:58,6,重庆市某机关食堂将肉价 18.5 元改为 185 元，176 斤菜报账变成 1776 斤，涉嫌什么犯罪？会受何处罚？,674
2020-09-25 10:36:58,7,如何看待小伙因身高不足 1 米 8 自卑，做断骨增高手术失败导致终身残疾？,601
2020-09-25 10:36:58,8,港媒称乱港分子黄之锋被捕，他将受到怎样的法律制裁？后续发展会如何？,588
2020-09-25 10:36:58,9,为什么李诞火了，王建国却没有火？,503
2020-09-25 10:38:02,0,如何看待「男子烧炭自杀疑遭 PUA：每天给女友转账 666 元，不转会被罚」？,2286
2020-09-25 10:38:02,1,「我想要秋天的第一杯奶茶」是什么梗，为什么突然火了？反映了一种怎样的心理现象？,1908
2020-09-25 10:38:02,2,如何看待《糖豆人》官方公开的糖豆人内部构造设定图？由此推测糖豆人具有怎样的生物学特征？,808
2020-09-25 10:38:02,3,在媳妇儿的强烈要求下 35 万买了宝马 320，觉得在宝马这个标上亏了 10 万，心态已崩，怎么缓解？,732
2020-09-25 10:38:02,4,如何看待罗永浩表示 6 亿债务已还了 4 亿？他是如何做到的？6 亿债务具体如何欠下的？,683
2020-09-25 10:38:02,5,有哪些特征一眼就会被看出是 iPhone 用户？,682
2020-09-25 10:38:02,6,重庆市某机关食堂将肉价 18.5 元改为 185 元，176 斤菜报账变成 1776 斤，涉嫌什么犯罪？会受何处罚？,678
2020-09-25 10:38:02,7,如何看待小伙因身高不足 1 米 8 自卑，做断骨增高手术失败导致终身残疾？,601
2020-09-25 10:38:02,8,港媒称乱港分子黄之锋被捕，他将受到怎样的法律制裁？后续发展会如何？,585
2020-09-25 10:38:02,9,为什么李诞火了，王建国却没有火？,505
2020-09-25 10:39:02,0,如何看待「男子烧炭自杀疑遭 PUA：每天给女友转账 666 元，不转会被罚」？,2302
2020-09-25 10:39:02,1,「我想要秋天的第一杯奶茶」是什么梗，为什么突然火了？反映了一种怎样的心理现象？,1877
2020-09-25 10:39:02,2,如何看待《糖豆人》官方公开的糖豆人内部构造设定图？由此推测糖豆人具有怎样的生物学特征？,811
2020-09-25 10:39:02,3,在媳妇儿的强烈要求下 35 万买了宝马 320，觉得在宝马这个标上亏了 10 万，心态已崩，怎么缓解？,735
2020-09-25 10:39:02,4,重庆市某机关食堂将肉价 18.5 元改为 185 元，176 斤菜报账变成 1776 斤，涉嫌什么犯罪？会受何处罚？,682
2020-09-25 10:39:02,5,有哪些特征一眼就会被看出是 iPhone 用户？,682
2020-09-25 10:39:02,6,如何看待罗永浩表示 6 亿债务已还了 4 亿？他是如何做到的？6 亿债务具体如何欠下的？,665
2020-09-25 10:39:02,7,如何看待小伙因身高不足 1 米 8 自卑，做断骨增高手术失败导致终身残疾？,601
2020-09-25 10:39:02,8,港媒称乱港分子黄之锋被捕，他将受到怎样的法律制裁？后续发展会如何？,581
2020-09-25 10:39:02,9,为什么李诞火了，王建国却没有火？,506
2020-09-25 10:40:03,0,如何看待「男子烧炭自杀疑遭 PUA：每天给女友转账 666 元，不转会被罚」？,2302
2020-09-25 10:40:03,1,「我想要秋天的第一杯奶茶」是什么梗，为什么突然火了？反映了一种怎样的心理现象？,1877
2020-09-25 10:40:03,2,如何看待《糖豆人》官方公开的糖豆人内部构造设定图？由此推测糖豆人具有怎样的生物学特征？,811
2020-09-25 10:40:03,3,在媳妇儿的强烈要求下 35 万买了宝马 320，觉得在宝马这个标上亏了 10 万，心态已崩，怎么缓解？,735
2020-09-25 10:40:03,4,重庆市某机关食堂将肉价 18.5 元改为 185 元，176 斤菜报账变成 1776 斤，涉嫌什么犯罪？会受何处罚？,682
2020-09-25 10:40:03,5,有哪些特征一眼就会被看出是 iPhone 用户？,682
2020-09-25 10:40:03,6,如何看待罗永浩表示 6 亿债务已还了 4 亿？他是如何做到的？6 亿债务具体如何欠下的？,665
2020-09-25 10:40:03,7,如何看待小伙因身高不足 1 米 8 自卑，做断骨增高手术失败导致终身残疾？,601
2020-09-25 10:40:03,8,港媒称乱港分子黄之锋被捕，他将受到怎样的法律制裁？后续发展会如何？,581
2020-09-25 10:40:03,9,为什么李诞火了，王建国却没有火？,506
2020-09-25 10:41:03,0,如何看待「男子烧炭自杀疑遭 PUA：每天给女友转账 666 元，不转会被罚」？,2313
2020-09-25 10:41:03,1,「我想要秋天的第一杯奶茶」是什么梗，为什么突然火了？反映了一种怎样的心理现象？,1845
2020-09-25 10:41:03,2,如何看待《糖豆人》官方公开的糖豆人内部构造设定图？由此推测糖豆人具有怎样的生物学特征？,810
2020-09-25 10:41:03,3,在媳妇儿的强烈要求下 35 万买了宝马 320，觉得在宝马这个标上亏了 10 万，心态已崩，怎么缓解？,738
2020-09-25 10:41:03,4,重庆市某机关食堂将肉价 18.5 元改为 185 元，176 斤菜报账变成 1776 斤，涉嫌什么犯罪？会受何处罚？,687
2020-09-25 10:41:03,5,有哪些特征一眼就会被看出是 iPhone 用户？,680
2020-09-25 10:41:03,6,如何看待罗永浩表示 6 亿债务已还了 4 亿？他是如何做到的？6 亿债务具体如何欠下的？,648
2020-09-25 10:41:03,7,如何看待小伙因身高不足 1 米 8 自卑，做断骨增高手术失败导致终身残疾？,600
2020-09-25 10:41:03,8,港媒称乱港分子黄之锋被捕，他将受到怎样的法律制裁？后续发展会如何？,578
2020-09-25 10:41:03,9,为什么李诞火了，王建国却没有火？,507
2020-09-25 10:42:04,0,如何看待「男子烧炭自杀疑遭 PUA：每天给女友转账 666 元，不转会被罚」？,2321
2020-09-25 10:42:04,1,「我想要秋天的第一杯奶茶」是什么梗，为什么突然火了？反映了一种怎样的心理现象？,1109
2020-09-25 10:42:04,2,如何看待《糖豆人》官方公开的糖豆人内部构造设定图？由此推测糖豆人具有怎样的生物学特征？,810
2020-09-25 10:42:04,3,在媳妇儿的强烈要求下 35 万买了宝马 320，觉得在宝马这个标上亏了 10 万，心态已崩，怎么缓解？,740
2020-09-25 10:42:04,4,重庆市某机关食堂将肉价 18.5 元改为 185 元，176 斤菜报账变成 1776 斤，涉嫌什么犯罪？会受何处罚？,691
2020-09-25 10:42:04,5,有哪些特征一眼就会被看出是 iPhone 用户？,679
2020-09-25 10:42:04,6,如何看待罗永浩表示 6 亿债务已还了 4 亿？他是如何做到的？6 亿债务具体如何欠下的？,625
2020-09-25 10:42:04,7,如何看待小伙因身高不足 1 米 8 自卑，做断骨增高手术失败导致终身残疾？,601
2020-09-25 10:42:04,8,港媒称乱港分子黄之锋被捕，他将受到怎样的法律制裁？后续发展会如何？,576
2020-09-25 10:42:04,9,为什么李诞火了，王建国却没有火？,509
2020-09-25 10:43:04,0,如何看待「男子烧炭自杀疑遭 PUA：每天给女友转账 666 元，不转会被罚」？,2321
2020-09-25 10:43:04,1,「我想要秋天的第一杯奶茶」是什么梗，为什么突然火了？反映了一种怎样的心理现象？,1109
2020-09-25 10:43:04,2,如何看待《糖豆人》官方公开的糖豆人内部构造设定图？由此推测糖豆人具有怎样的生物学特征？,810
2020-09-25 10:43:04,3,在媳妇儿的强烈要求下 35 万买了宝马 320，觉得在宝马这个标上亏了 10 万，心态已崩，怎么缓解？,740
2020-09-25 10:43:04,4,重庆市某机关食堂将肉价 18.5 元改为 185 元，176 斤菜报账变成 1776 斤，涉嫌什么犯罪？会受何处罚？,691
2020-09-25 10:43:04,5,有哪些特征一眼就会被看出是 iPhone 用户？,679
2020-09-25 10:43:04,6,如何看待罗永浩表示 6 亿债务已还了 4 亿？他是如何做到的？6 亿债务具体如何欠下的？,625
2020-09-25 10:43:04,7,如何看待小伙因身高不足 1 米 8 自卑，做断骨增高手术失败导致终身残疾？,601
2020-09-25 10:43:04,8,港媒称乱港分子黄之锋被捕，他将受到怎样的法律制裁？后续发展会如何？,576
2020-09-25 10:43:04,9,为什么李诞火了，王建国却没有火？,509
2020-09-25 10:44:04,0,如何看待「男子烧炭自杀疑遭 PUA：每天给女友转账 666 元，不转会被罚」？,2328
2020-09-25 10:44:04,1,「我想要秋天的第一杯奶茶」是什么梗，为什么突然火了？反映了一种怎样的心理现象？,1081
2020-09-25 10:44:04,2,如何看待《糖豆人》官方公开的糖豆人内部构造设定图？由此推测糖豆人具有怎样的生物学特征？,811
2020-09-25 10:44:04,3,在媳妇儿的强烈要求下 35 万买了宝马 320，觉得在宝马这个标上亏了 10 万，心态已崩，怎么缓解？,745
2020-09-25 10:44:04,4,重庆市某机关食堂将肉价 18.5 元改为 185 元，176 斤菜报账变成 1776 斤，涉嫌什么犯罪？会受何处罚？,694
2020-09-25 10:44:04,5,有哪些特征一眼就会被看出是 iPhone 用户？,679
2020-09-25 10:44:04,6,如何看待罗永浩表示 6 亿债务已还了 4 亿？他是如何做到的？6 亿债务具体如何欠下的？,606
2020-09-25 10:44:04,7,如何看待小伙因身高不足 1 米 8 自卑，做断骨增高手术失败导致终身残疾？,600
2020-09-25 10:44:04,8,港媒称乱港分子黄之锋被捕，他将受到怎样的法律制裁？后续发展会如何？,574
2020-09-25 10:44:04,9,为什么李诞火了，王建国却没有火？,512
2020-09-25 10:45:05,0,如何看待「男子烧炭自杀疑遭 PUA：每天给女友转账 666 元，不转会被罚」？,2341
2020-09-25 10:45:05,1,「我想要秋天的第一杯奶茶」是什么梗，为什么突然火了？反映了一种怎样的心理现象？,1054
2020-09-25 10:45:05,2,如何看待《糖豆人》官方公开的糖豆人内部构造设定图？由此推测糖豆人具有怎样的生物学特征？,812
2020-09-25 10:45:05,3,在媳妇儿的强烈要求下 35 万买了宝马 320，觉得在宝马这个标上亏了 10 万，心态已崩，怎么缓解？,748
2020-09-25 10:45:05,4,重庆市某机关食堂将肉价 18.5 元改为 185 元，176 斤菜报账变成 1776 斤，涉嫌什么犯罪？会受何处罚？,698
2020-09-25 10:45:05,5,有哪些特征一眼就会被看出是 iPhone 用户？,679
2020-09-25 10:45:05,6,如何看待小伙因身高不足 1 米 8 自卑，做断骨增高手术失败导致终身残疾？,599
2020-09-25 10:45:05,7,如何看待罗永浩表示 6 亿债务已还了 4 亿？他是如何做到的？6 亿债务具体如何欠下的？,584
2020-09-25 10:45:05,8,港媒称乱港分子黄之锋被捕，他将受到怎样的法律制裁？后续发展会如何？,570
2020-09-25 10:45:05,9,为什么李诞火了，王建国却没有火？,513
2020-09-25 10:46:08,0,如何看待「男子烧炭自杀疑遭 PUA：每天给女友转账 666 元，不转会被罚」？,2341
2020-09-25 10:46:08,1,「我想要秋天的第一杯奶茶」是什么梗，为什么突然火了？反映了一种怎样的心理现象？,1054
2020-09-25 10:46:08,2,如何看待《糖豆人》官方公开的糖豆人内部构造设定图？由此推测糖豆人具有怎样的生物学特征？,812
2020-09-25 10:46:08,3,在媳妇儿的强烈要求下 35 万买了宝马 320，觉得在宝马这个标上亏了 10 万，心态已崩，怎么缓解？,748
2020-09-25 10:46:08,4,重庆市某机关食堂将肉价 18.5 元改为 185 元，176 斤菜报账变成 1776 斤，涉嫌什么犯罪？会受何处罚？,698
2020-09-25 10:46:08,5,有哪些特征一眼就会被看出是 iPhone 用户？,679
2020-09-25 10:46:08,6,如何看待小伙因身高不足 1 米 8 自卑，做断骨增高手术失败导致终身残疾？,599
2020-09-25 10:46:08,7,如何看待罗永浩表示 6 亿债务已还了 4 亿？他是如何做到的？6 亿债务具体如何欠下的？,584
2020-09-25 10:46:08,8,港媒称乱港分子黄之锋被捕，他将受到怎样的法律制裁？后续发展会如何？,570
2020-09-25 10:46:08,9,为什么李诞火了，王建国却没有火？,513
2020-09-25 10:47:08,0,如何看待「男子烧炭自杀疑遭 PUA：每天给女友转账 666 元，不转会被罚」？,2359
2020-09-25 10:47:08,1,如何看待《糖豆人》官方公开的糖豆人内部构造设定图？由此推测糖豆人具有怎样的生物学特征？,811
2020-09-25 10:47:08,2,在媳妇儿的强烈要求下 35 万买了宝马 320，觉得在宝马这个标上亏了 10 万，心态已崩，怎么缓解？,751
2020-09-25 10:47:08,3,「我想要秋天的第一杯奶茶」是什么梗，为什么突然火了？反映了一种怎样的心理现象？,709
2020-09-25 10:47:08,4,重庆市某机关食堂将肉价 18.5 元改为 185 元，176 斤菜报账变成 1776 斤，涉嫌什么犯罪？会受何处罚？,704
2020-09-25 10:47:08,5,有哪些特征一眼就会被看出是 iPhone 用户？,678
2020-09-25 10:47:08,6,如何看待小伙因身高不足 1 米 8 自卑，做断骨增高手术失败导致终身残疾？,598
2020-09-25 10:47:08,7,港媒称乱港分子黄之锋被捕，他将受到怎样的法律制裁？后续发展会如何？,567
2020-09-25 10:47:08,8,如何看待罗永浩表示 6 亿债务已还了 4 亿？他是如何做到的？6 亿债务具体如何欠下的？,564
2020-09-25 10:47:08,9,为什么李诞火了，王建国却没有火？,516
2020-09-25 10:48:09,0,如何看待「男子烧炭自杀疑遭 PUA：每天给女友转账 666 元，不转会被罚」？,2370
2020-09-25 10:48:09,1,如何看待《糖豆人》官方公开的糖豆人内部构造设定图？由此推测糖豆人具有怎样的生物学特征？,814
2020-09-25 10:48:09,2,在媳妇儿的强烈要求下 35 万买了宝马 320，觉得在宝马这个标上亏了 10 万，心态已崩，怎么缓解？,752
2020-09-25 10:48:09,3,重庆市某机关食堂将肉价 18.5 元改为 185 元，176 斤菜报账变成 1776 斤，涉嫌什么犯罪？会受何处罚？,709
2020-09-25 10:48:09,4,「我想要秋天的第一杯奶茶」是什么梗，为什么突然火了？反映了一种怎样的心理现象？,683
2020-09-25 10:48:09,5,有哪些特征一眼就会被看出是 iPhone 用户？,666
2020-09-25 10:48:09,6,如何看待小伙因身高不足 1 米 8 自卑，做断骨增高手术失败导致终身残疾？,597
2020-09-25 10:48:09,7,港媒称乱港分子黄之锋被捕，他将受到怎样的法律制裁？后续发展会如何？,565
2020-09-25 10:48:09,8,如何看待罗永浩表示 6 亿债务已还了 4 亿？他是如何做到的？6 亿债务具体如何欠下的？,547
2020-09-25 10:48:09,9,为什么李诞火了，王建国却没有火？,518
2020-09-25 10:49:09,0,如何看待「男子烧炭自杀疑遭 PUA：每天给女友转账 666 元，不转会被罚」？,2370
2020-09-25 10:49:09,1,如何看待《糖豆人》官方公开的糖豆人内部构造设定图？由此推测糖豆人具有怎样的生物学特征？,814
2020-09-25 10:49:09,2,在媳妇儿的强烈要求下 35 万买了宝马 320，觉得在宝马这个标上亏了 10 万，心态已崩，怎么缓解？,752
2020-09-25 10:49:09,3,重庆市某机关食堂将肉价 18.5 元改为 185 元，176 斤菜报账变成 1776 斤，涉嫌什么犯罪？会受何处罚？,709
2020-09-25 10:49:09,4,「我想要秋天的第一杯奶茶」是什么梗，为什么突然火了？反映了一种怎样的心理现象？,683
2020-09-25 10:49:09,5,有哪些特征一眼就会被看出是 iPhone 用户？,666
2020-09-25 10:49:09,6,如何看待小伙因身高不足 1 米 8 自卑，做断骨增高手术失败导致终身残疾？,597
2020-09-25 10:49:09,7,港媒称乱港分子黄之锋被捕，他将受到怎样的法律制裁？后续发展会如何？,565
2020-09-25 10:49:09,8,如何看待罗永浩表示 6 亿债务已还了 4 亿？他是如何做到的？6 亿债务具体如何欠下的？,547
2020-09-25 10:49:09,9,为什么李诞火了，王建国却没有火？,518
2020-09-25 10:50:10,0,如何看待「男子烧炭自杀疑遭 PUA：每天给女友转账 666 元，不转会被罚」？,2379
2020-09-25 10:50:10,1,如何看待《糖豆人》官方公开的糖豆人内部构造设定图？由此推测糖豆人具有怎样的生物学特征？,815
2020-09-25 10:50:10,2,在媳妇儿的强烈要求下 35 万买了宝马 320，觉得在宝马这个标上亏了 10 万，心态已崩，怎么缓解？,755
2020-09-25 10:50:10,3,重庆市某机关食堂将肉价 18.5 元改为 185 元，176 斤菜报账变成 1776 斤，涉嫌什么犯罪？会受何处罚？,715
2020-09-25 10:50:10,4,有哪些特征一眼就会被看出是 iPhone 用户？,661
2020-09-25 10:50:10,5,「我想要秋天的第一杯奶茶」是什么梗，为什么突然火了？反映了一种怎样的心理现象？,655
2020-09-25 10:50:10,6,如何看待小伙因身高不足 1 米 8 自卑，做断骨增高手术失败导致终身残疾？,596
2020-09-25 10:50:10,7,港媒称乱港分子黄之锋被捕，他将受到怎样的法律制裁？后续发展会如何？,563
2020-09-25 10:50:10,8,如何看待罗永浩表示 6 亿债务已还了 4 亿？他是如何做到的？6 亿债务具体如何欠下的？,525
2020-09-25 10:50:10,9,为什么李诞火了，王建国却没有火？,518
2020-09-25 10:51:10,0,如何看待「男子烧炭自杀疑遭 PUA：每天给女友转账 666 元，不转会被罚」？,2391
2020-09-25 10:51:10,1,如何看待《糖豆人》官方公开的糖豆人内部构造设定图？由此推测糖豆人具有怎样的生物学特征？,818
2020-09-25 10:51:10,2,在媳妇儿的强烈要求下 35 万买了宝马 320，觉得在宝马这个标上亏了 10 万，心态已崩，怎么缓解？,759
2020-09-25 10:51:10,3,重庆市某机关食堂将肉价 18.5 元改为 185 元，176 斤菜报账变成 1776 斤，涉嫌什么犯罪？会受何处罚？,722
2020-09-25 10:51:10,4,有哪些特征一眼就会被看出是 iPhone 用户？,669
2020-09-25 10:51:10,5,「我想要秋天的第一杯奶茶」是什么梗，为什么突然火了？反映了一种怎样的心理现象？,628
2020-09-25 10:51:10,6,如何看待小伙因身高不足 1 米 8 自卑，做断骨增高手术失败导致终身残疾？,597
2020-09-25 10:51:10,7,港媒称乱港分子黄之锋被捕，他将受到怎样的法律制裁？后续发展会如何？,559
2020-09-25 10:51:10,8,为什么李诞火了，王建国却没有火？,519
2020-09-25 10:51:10,9,如何看待罗永浩表示 6 亿债务已还了 4 亿？他是如何做到的？6 亿债务具体如何欠下的？,502
2020-09-25 10:52:11,0,如何看待「男子烧炭自杀疑遭 PUA：每天给女友转账 666 元，不转会被罚」？,2391
2020-09-25 10:52:11,1,如何看待《糖豆人》官方公开的糖豆人内部构造设定图？由此推测糖豆人具有怎样的生物学特征？,818
2020-09-25 10:52:11,2,在媳妇儿的强烈要求下 35 万买了宝马 320，觉得在宝马这个标上亏了 10 万，心态已崩，怎么缓解？,759
2020-09-25 10:52:11,3,重庆市某机关食堂将肉价 18.5 元改为 185 元，176 斤菜报账变成 1776 斤，涉嫌什么犯罪？会受何处罚？,722
2020-09-25 10:52:11,4,有哪些特征一眼就会被看出是 iPhone 用户？,669
2020-09-25 10:52:11,5,「我想要秋天的第一杯奶茶」是什么梗，为什么突然火了？反映了一种怎样的心理现象？,628
2020-09-25 10:52:11,6,如何看待小伙因身高不足 1 米 8 自卑，做断骨增高手术失败导致终身残疾？,597
2020-09-25 10:52:11,7,港媒称乱港分子黄之锋被捕，他将受到怎样的法律制裁？后续发展会如何？,559
2020-09-25 10:52:11,8,为什么李诞火了，王建国却没有火？,519
2020-09-25 10:52:11,9,如何看待罗永浩表示 6 亿债务已还了 4 亿？他是如何做到的？6 亿债务具体如何欠下的？,502
2020-09-25 10:53:11,0,如何看待「男子烧炭自杀疑遭 PUA：每天给女友转账 666 元，不转会被罚」？,2402
2020-09-25 10:53:11,1,如何看待《糖豆人》官方公开的糖豆人内部构造设定图？由此推测糖豆人具有怎样的生物学特征？,818
2020-09-25 10:53:11,2,在媳妇儿的强烈要求下 35 万买了宝马 320，觉得在宝马这个标上亏了 10 万，心态已崩，怎么缓解？,762
2020-09-25 10:53:11,3,重庆市某机关食堂将肉价 18.5 元改为 185 元，176 斤菜报账变成 1776 斤，涉嫌什么犯罪？会受何处罚？,728
2020-09-25 10:53:11,4,有哪些特征一眼就会被看出是 iPhone 用户？,672
2020-09-25 10:53:11,5,「我想要秋天的第一杯奶茶」是什么梗，为什么突然火了？反映了一种怎样的心理现象？,599
2020-09-25 10:53:11,6,如何看待小伙因身高不足 1 米 8 自卑，做断骨增高手术失败导致终身残疾？,597
2020-09-25 10:53:11,7,港媒称乱港分子黄之锋被捕，他将受到怎样的法律制裁？后续发展会如何？,558
2020-09-25 10:53:11,8,为什么李诞火了，王建国却没有火？,520
2020-09-25 10:53:11,9,如何看待罗永浩表示 6 亿债务已还了 4 亿？他是如何做到的？6 亿债务具体如何欠下的？,483
2020-09-25 10:54:12,0,如何看待「男子烧炭自杀疑遭 PUA：每天给女友转账 666 元，不转会被罚」？,2410
2020-09-25 10:54:12,1,如何看待《糖豆人》官方公开的糖豆人内部构造设定图？由此推测糖豆人具有怎样的生物学特征？,819
2020-09-25 10:54:12,2,在媳妇儿的强烈要求下 35 万买了宝马 320，觉得在宝马这个标上亏了 10 万，心态已崩，怎么缓解？,768
2020-09-25 10:54:12,3,重庆市某机关食堂将肉价 18.5 元改为 185 元，176 斤菜报账变成 1776 斤，涉嫌什么犯罪？会受何处罚？,736
2020-09-25 10:54:12,4,有哪些特征一眼就会被看出是 iPhone 用户？,672
2020-09-25 10:54:12,5,如何看待小伙因身高不足 1 米 8 自卑，做断骨增高手术失败导致终身残疾？,597
2020-09-25 10:54:12,6,「我想要秋天的第一杯奶茶」是什么梗，为什么突然火了？反映了一种怎样的心理现象？,572
2020-09-25 10:54:12,7,港媒称乱港分子黄之锋被捕，他将受到怎样的法律制裁？后续发展会如何？,557
2020-09-25 10:54:12,8,为什么李诞火了，王建国却没有火？,519
2020-09-25 10:54:12,9,如何看待罗永浩表示 6 亿债务已还了 4 亿？他是如何做到的？6 亿债务具体如何欠下的？,462
2020-09-25 10:55:12,0,如何看待「男子烧炭自杀疑遭 PUA：每天给女友转账 666 元，不转会被罚」？,2410
2020-09-25 10:55:12,1,如何看待《糖豆人》官方公开的糖豆人内部构造设定图？由此推测糖豆人具有怎样的生物学特征？,819
2020-09-25 10:55:12,2,在媳妇儿的强烈要求下 35 万买了宝马 320，觉得在宝马这个标上亏了 10 万，心态已崩，怎么缓解？,768
2020-09-25 10:55:12,3,重庆市某机关食堂将肉价 18.5 元改为 185 元，176 斤菜报账变成 1776 斤，涉嫌什么犯罪？会受何处罚？,736
2020-09-25 10:55:12,4,有哪些特征一眼就会被看出是 iPhone 用户？,672
2020-09-25 10:55:12,5,如何看待小伙因身高不足 1 米 8 自卑，做断骨增高手术失败导致终身残疾？,597
2020-09-25 10:55:12,6,「我想要秋天的第一杯奶茶」是什么梗，为什么突然火了？反映了一种怎样的心理现象？,572
2020-09-25 10:55:12,7,港媒称乱港分子黄之锋被捕，他将受到怎样的法律制裁？后续发展会如何？,557
2020-09-25 10:55:12,8,为什么李诞火了，王建国却没有火？,519
2020-09-25 10:55:12,9,如何看待罗永浩表示 6 亿债务已还了 4 亿？他是如何做到的？6 亿债务具体如何欠下的？,462
2020-09-25 10:56:12,0,如何看待「男子烧炭自杀疑遭 PUA：每天给女友转账 666 元，不转会被罚」？,2425
2020-09-25 10:56:12,1,如何看待《糖豆人》官方公开的糖豆人内部构造设定图？由此推测糖豆人具有怎样的生物学特征？,818
2020-09-25 10:56:12,2,在媳妇儿的强烈要求下 35 万买了宝马 320，觉得在宝马这个标上亏了 10 万，心态已崩，怎么缓解？,774
2020-09-25 10:56:12,3,重庆市某机关食堂将肉价 18.5 元改为 185 元，176 斤菜报账变成 1776 斤，涉嫌什么犯罪？会受何处罚？,743
2020-09-25 10:56:12,4,有哪些特征一眼就会被看出是 iPhone 用户？,673
2020-09-25 10:56:12,5,如何看待小伙因身高不足 1 米 8 自卑，做断骨增高手术失败导致终身残疾？,596
2020-09-25 10:56:12,6,港媒称乱港分子黄之锋被捕，他将受到怎样的法律制裁？后续发展会如何？,555
2020-09-25 10:56:12,7,「我想要秋天的第一杯奶茶」是什么梗，为什么突然火了？反映了一种怎样的心理现象？,542
2020-09-25 10:56:12,8,为什么李诞火了，王建国却没有火？,519
2020-09-25 10:56:12,9,如何看待罗永浩表示 6 亿债务已还了 4 亿？他是如何做到的？6 亿债务具体如何欠下的？,443
2020-09-25 10:57:16,0,如何看待「男子烧炭自杀疑遭 PUA：每天给女友转账 666 元，不转会被罚」？,2436
2020-09-25 10:57:16,1,如何看待《糖豆人》官方公开的糖豆人内部构造设定图？由此推测糖豆人具有怎样的生物学特征？,818
2020-09-25 10:57:16,2,在媳妇儿的强烈要求下 35 万买了宝马 320，觉得在宝马这个标上亏了 10 万，心态已崩，怎么缓解？,777
2020-09-25 10:57:16,3,重庆市某机关食堂将肉价 18.5 元改为 185 元，176 斤菜报账变成 1776 斤，涉嫌什么犯罪？会受何处罚？,749
2020-09-25 10:57:16,4,有哪些特征一眼就会被看出是 iPhone 用户？,675
2020-09-25 10:57:16,5,如何看待小伙因身高不足 1 米 8 自卑，做断骨增高手术失败导致终身残疾？,596
2020-09-25 10:57:16,6,港媒称乱港分子黄之锋被捕，他将受到怎样的法律制裁？后续发展会如何？,554
2020-09-25 10:57:16,7,为什么李诞火了，王建国却没有火？,518
2020-09-25 10:57:16,8,「我想要秋天的第一杯奶茶」是什么梗，为什么突然火了？反映了一种怎样的心理现象？,516
2020-09-25 10:57:16,9,如何看待罗永浩表示 6 亿债务已还了 4 亿？他是如何做到的？6 亿债务具体如何欠下的？,423
2020-09-25 10:58:16,0,如何看待「男子烧炭自杀疑遭 PUA：每天给女友转账 666 元，不转会被罚」？,2436
2020-09-25 10:58:16,1,如何看待《糖豆人》官方公开的糖豆人内部构造设定图？由此推测糖豆人具有怎样的生物学特征？,818
2020-09-25 10:58:16,2,在媳妇儿的强烈要求下 35 万买了宝马 320，觉得在宝马这个标上亏了 10 万，心态已崩，怎么缓解？,777
2020-09-25 10:58:16,3,重庆市某机关食堂将肉价 18.5 元改为 185 元，176 斤菜报账变成 1776 斤，涉嫌什么犯罪？会受何处罚？,749
2020-09-25 10:58:16,4,有哪些特征一眼就会被看出是 iPhone 用户？,675
2020-09-25 10:58:16,5,如何看待小伙因身高不足 1 米 8 自卑，做断骨增高手术失败导致终身残疾？,596
2020-09-25 10:58:16,6,港媒称乱港分子黄之锋被捕，他将受到怎样的法律制裁？后续发展会如何？,554
2020-09-25 10:58:16,7,为什么李诞火了，王建国却没有火？,518
2020-09-25 10:58:16,8,「我想要秋天的第一杯奶茶」是什么梗，为什么突然火了？反映了一种怎样的心理现象？,516
2020-09-25 10:58:16,9,如何看待罗永浩表示 6 亿债务已还了 4 亿？他是如何做到的？6 亿债务具体如何欠下的？,423
2020-09-25 10:59:17,0,如何看待「男子烧炭自杀疑遭 PUA：每天给女友转账 666 元，不转会被罚」？,2442
2020-09-25 10:59:17,1,如何看待《糖豆人》官方公开的糖豆人内部构造设定图？由此推测糖豆人具有怎样的生物学特征？,818
2020-09-25 10:59:17,2,在媳妇儿的强烈要求下 35 万买了宝马 320，觉得在宝马这个标上亏了 10 万，心态已崩，怎么缓解？,782
2020-09-25 10:59:17,3,重庆市某机关食堂将肉价 18.5 元改为 185 元，176 斤菜报账变成 1776 斤，涉嫌什么犯罪？会受何处罚？,756
2020-09-25 10:59:17,4,有哪些特征一眼就会被看出是 iPhone 用户？,674
2020-09-25 10:59:17,5,如何看待小伙因身高不足 1 米 8 自卑，做断骨增高手术失败导致终身残疾？,598
2020-09-25 10:59:17,6,港媒称乱港分子黄之锋被捕，他将受到怎样的法律制裁？后续发展会如何？,552
2020-09-25 10:59:17,7,为什么李诞火了，王建国却没有火？,518
2020-09-25 10:59:17,8,「我想要秋天的第一杯奶茶」是什么梗，为什么突然火了？反映了一种怎样的心理现象？,488
2020-09-25 10:59:17,9,如何看待罗永浩表示 6 亿债务已还了 4 亿？他是如何做到的？6 亿债务具体如何欠下的？,403
